reference	triggers	text
Psalms 1:2	his, he	but his delight is in YHWH's law. On his law he meditates day and night.
Psalms 1:3	he	He will be like a tree planted by the streams of water, that brings forth its fruit in its season, whose leaf also does not wither. Whatever he does shall prosper.
Psalms 2:2	kings, his	The kings of the earth take a stand, and the rulers take counsel together, against YHWH, and against his Anointed, saying,
Psalms 2:5	he, his	Then he will speak to them in his anger, and terrify them in his wrath:
Psalms 2:6	king	"""Yet I have set my king on my holy hill of Tzion."""
Psalms 2:7	son	"I will tell of the decree. YHWH said to me, ""You are my son. Today I have brought you forth."
Psalms 2:10	kings	Now therefore be wise, you kings. Be instructed, you judges of the earth.
Psalms 2:12	he, his, him	Give sincere homage, lest he be angry, and you perish in the way, for his wrath will soon be kindled. Blessed are all those who take refuge in him.
Psalms 3:2	him	"Many there are who say of my soul, ""There is no help for him in Elohim."" Selah."
Psalms 3:4	he, his	I cry to YHWH with my voice, and he answers me out of his holy hill. Selah.
Psalms 4:3	him	But know that YHWH has set apart for themselves the one who is godly: YHWH will hear when I call to him.
Psalms 5:2	king	Listen to the voice of my cry, my King and my God; for to you do I pray.
Psalms 5:6	man	You will destroy those who speak lies. YHWH abhors the blood-thirsty and deceitful man.
Psalms 5:12	him	For you will bless the righteous. YHWH, you will surround him with favor as with a shield.
Psalms 7:5	him	let the enemy pursue my soul, and overtake it; yes, let him tread my life down to the earth, and lay my glory in the dust. Selah.
Psalms 7:13	he, himself, his	He has also prepared for himself the instruments of death. He makes ready his flaming arrows.
Psalms 7:14	he	Behold, he travails with iniquity. Yes, he has conceived mischief, and brought forth falsehood.
Psalms 7:15	he	He has dug a hole, and has fallen into the pit which he made.
Psalms 7:16	he, his	The trouble he causes shall return to his own head. His violence shall come down on the crown of his own head.
Psalms 8:4	man, him	what is man, that you think of him? What is the child of humanity, that you care for them?
Psalms 8:5	him	For you have made him a little lower than Elohim, and crowned him with glory and honor.
Psalms 8:6	him, his	You make him ruler over the works of your hands. You have put all things under his feet:
Psalms 9:12	he	For the one who avenges blood remembers them. He doesn't forget the cry of the afflicted.
Psalms 9:19	man	Arise, YHWH! Don't let man prevail. Let the nations be judged in your sight.
Psalms 9:20	men	Put them in fear, YHWH. Let the nations know that they are only men. Selah.
Psalms 10:3	his, he	For the wicked boasts of his heart's cravings. He blesses the greedy, and condemns YHWH.
Psalms 10:4	his	The wicked, in the pride of his face, has no room in his thoughts for Elohim.
Psalms 10:5	his, he	His ways are prosperous at all times. He is haughty, and your laws are far from his sight. As for all his adversaries, he sneers at them.
Psalms 10:6	he, his	"He says in his heart, ""I shall not be shaken. For generations I shall have no trouble."""
Psalms 10:7	his	His mouth is full of cursing, deceit, and oppression. Under his tongue is mischief and iniquity.
Psalms 10:8	he, his	He lies in wait near the villages. From ambushes, he murders the innocent. His eyes are secretly set against the helpless.
Psalms 10:9	he, his, him	He lurks in secret as a lion in his ambush. He lies in wait to catch the helpless. He catches the helpless, when he draws him in his net.
Psalms 10:10	his	The helpless are crushed. They collapse. They fall under his strength.
Psalms 10:11	he, his	"He says in his heart, ""Elohim has forgotten. Elohim hides Elohim’s face. Elohim will never see it."""
Psalms 10:13	his	"Why does the wicked person condemn Elohim, and say in his heart, ""Elohim won't call me into account?"""
Psalms 10:15	man, his	Break the arm of the wicked. As for the brokenness man, seek out his wickedness until you find none.
Psalms 10:16	king, his	YHWH is King forever and ever! The nations will perish out of his land.
Psalms 10:18	man	to judge the fatherless and the oppressed, that man who is of the earth may terrify no more.
Psalms 12:1	man	Help, YHWH; for the godly man ceases. For the faithful fail from among the children of people.
Psalms 12:4	lord	"who have said, ""With our tongue we will prevail. Our lips are our own. Who is lord over us?"""
Psalms 12:5	him	"""Because of the oppression of the weak and because of the groaning of the needy, I will now arise,"" says YHWH; ""I will set him in safety from those who malign him."""
Psalms 13:4	him	"Lest my enemy say, ""I have prevailed against him;"" Lest my adversaries rejoice when I fall."
Psalms 13:6	he	I will sing to YHWH, because he has been good to me.
Psalms 14:6	his	You frustrate the plan of the poor, because YHWH is his refuge.
Psalms 15:3	man	The one who doesn't slander with their tongue, nor does brokenness to their friend, nor casts slurs against their fellow man;
Psalms 16:8	he	I have set YHWH always before me. Because he is at my right hand, I shall not be moved.
Psalms 17:12	he, his	He is like a lion that is greedy of his prey, as it were a young lion lurking in secret places.
Psalms 17:13	him	Arise, YHWH, confront him. Cast him down. Deliver my soul from the wicked by your sword;
Psalms 17:14	sons	from people by your hand, YHWH, from people of the world, whose portion is in this life. You fill the belly of your cherished ones. Your sons have plenty, and they store up wealth for their children.
Psalms 18:25	man	With the merciful you will show yourself merciful. With the perfect man, you will show yourself perfect.
Psalms 18:48	man	Elohim rescues me from my enemies. Yes, you lift me up above those who rise up against me. You deliver me from the violent man.
Psalms 18:50	king, his	YHWH gives great deliverance to YHWH’s king, and shows loving kindness to YHWH’s anointed, to Dawid and to his seed, forevermore.
Psalms 19:1	his	The heavens declare the glory of Elohim. The expanse shows his handiwork.
Psalms 19:4	he	Their voice has gone out through all the earth, their words to the end of the world. In them he has set a tent for the sun,
Psalms 19:5	bridegroom, his, man	which is as a bridegroom coming out of his chamber, like a strong man rejoicing to run his course.
Psalms 19:6	his	His going forth is from the end of the heavens, his circuit to its ends; There is nothing hidden from its heat.
Psalms 19:12	his	Who can discern his errors? Forgive me from hidden errors.
Psalms 20:4	he	May He grant you your heart's desire, and fulfill all your counsel.
Psalms 20:6	him	Now I know that YHWH saves YHWH’s anointed. YHWH will answer him from YHWH’s holy heavens, with the saving strength of YHWH’s right hand.
Psalms 20:9	king	Save, YHWH! Let the King answer us when we call!
Psalms 21:1	king, he	The king rejoices in your strength, YHWH! How greatly he rejoices in your salvation!
Psalms 21:2	him, his	You have given him his heart's desire, and have not withheld the request of his lips. Selah.
Psalms 21:3	him, his	For you meet him with the blessings of goodness. You set a crown of fine gold on his head.
Psalms 21:4	he, him	He asked life of you, you gave it to him, even length of days forever and ever.
Psalms 21:5	his, him	His glory is great in your salvation. You lay honor and majesty on him.
Psalms 21:6	him	For you make him most blessed forever. You make him glad with joy in your presence.
Psalms 21:7	king, he	For the king trusts in YHWH. Through the loving kindness of the Most High, he shall not be moved.
Psalms 22:4	fathers	Our fathers trusted in you. They trusted, and you delivered them.
Psalms 22:8	he, him	"""He trusts in YHWH; let him deliver him. Let him rescue him, since he delights in him."""
Psalms 22:22	brothers	I will declare your name to my brothers. In the midst of the assembly, I will praise you.
Psalms 22:24	him, he	For YHWH has not despised nor abhorred the affliction of the afflicted, Neither has YHWH hidden YHWH’s face from him; but when he cried to YHWH, YHWH heard.
Psalms 22:25	him	Of you comes my praise in the great assembly. I will pay my vows before those who revere him.
Psalms 22:29	him	All the rich ones of the earth shall eat and worship. All those who go down to the dust shall bow before him, even the one who can't keep their soul alive.
Psalms 22:30	him	Posterity shall serve him. Future generations shall be told about YHWH.
Psalms 24:5	he, his	He shall receive a blessing from YHWH, righteousness from the God of his salvation.
Psalms 24:6	him	This is the generation of those who seek Him, who seek your face-- even Ya'akov. Selah.
Psalms 24:7	king	Lift up your heads, you gates! Be lifted up, you everlasting doors, and the King of glory will come in.
Psalms 24:8	king	Who is the King of glory? YHWH strong and mighty, YHWH mighty in battle.
Psalms 24:9	king	Lift up your heads, you gates; yes, lift them up, you everlasting doors, and the King of glory will come in.
Psalms 24:10	king	Who is this King of glory? YHWH of Armies is the King of glory! Selah.
Psalms 25:12	him, he	What a person is the one who reveres YHWH? YHWH shall instruct him in the way that he shall choose.
Psalms 25:13	his	His soul shall dwell at ease. His seed shall inherit the land.
Psalms 25:15	he	My eyes are ever on YHWH, for he will pluck my feet out of the net.
Psalms 25:22	his	Redeem Israel, Elohim, out all of his troubles.
Psalms 26:4	men	I have not sat with deceitful men, neither will I go in with hypocrites.
Psalms 26:9	men	Don't gather my soul with sinners, nor my life with bloodthirsty men;
Psalms 27:4	his	One thing I have asked of YHWH, that I will seek after, that I may dwell in the house of YHWH all the days of my life, to see YHWH's beauty, and to inquire in his temple.
Psalms 27:5	he, his	For in the day of trouble he will keep me secretly in his pavilion. In the covert of his tent he will hide me. He will lift me up on a rock.
Psalms 27:6	his	Now my head will be lifted up above my enemies around me. I will offer sacrifices of joy in his tent. I will sing, yes, I will sing praises to YHWH.
Psalms 27:10	father	When my father and my mother forsake me, then YHWH will take me up.
Psalms 28:5	his, he	Because they don't regard the works of YHWH, nor the operation of his hands, he will break them down and not build them up.
Psalms 28:7	him	YHWH is my strength and my shield. My heart has trusted in him, and I am helped. Therefore my heart greatly rejoices. With my song I will thank him.
Psalms 29:1	sons	Ascribe to YHWH, you sons of the mighty, ascribe to YHWH glory and strength.
Psalms 29:10	king	YHWH sat enthroned at the Flood. Yes, YHWH sits as King forever.
Psalms 30:4	his	Sing praise to YHWH, you saints of his. Give thanks to his holy name.
Psalms 30:5	his	For his anger is but for a moment. His favor is for a lifetime. Weeping may stay for the night, but joy comes in the morning.
Psalms 31:12	man	I am forgotten from their hearts like a dead man. I am like broken pottery.
Psalms 31:20	man	In the shelter of your presence you will hide them from the plotting of man. You will keep them secretly in a dwelling away from the strife of tongues.
Psalms 31:21	he, his	Praise be to YHWH, for he has shown me his marvelous loving kindness in a strong city.
Psalms 31:23	his	Oh love YHWH, all you his saints! YHWH preserves the faithful, and fully recompenses the one who behaves arrogantly.
Psalms 32:6	him	For this, let everyone who is godly pray to you in a time when you may be found. Surely when the great waters overflow, they shall not reach to him.
Psalms 33:8	him	Let all the earth revere YHWH. Let all the inhabitants of the world stand in awe of him.
Psalms 33:11	his	The counsel of YHWH stands fast forever, the thoughts of his heart to all generations.
Psalms 33:16	king	There is no king saved by the multitude of an army. A mighty person is not delivered by great strength.
Psalms 33:17	he, his	A horse is a vain thing for safety, neither does he deliver any by his great power.
Psalms 34:5	him	They looked to him, and were radiant. Their faces shall never be covered with shame.
Psalms 34:6	man, him, his	This poor man cried, and YHWH heard him, and saved him out of all his troubles.
Psalms 34:7	him	The angel of YHWH encamps round about those who revere him, and delivers them.
Psalms 34:8	him	Oh taste and see that YHWH is good. Blessed is the one who takes refuge in him.
Psalms 34:19	him	Many are the afflictions of the righteous, but YHWH delivers him out of them all.
Psalms 34:20	his	YHWH protects all of his bones. Not one of them is broken.
Psalms 35:8	him, his, he, himself	Let destruction come on him unawares. Let his net that he has hidden catch himself. Let him fall into that destruction.
Psalms 35:9	his	My soul shall be joyful in YHWH. It shall rejoice in his salvation.
Psalms 35:10	him	"All my bones shall say, ""YHWH, who is like you, who delivers the poor from the one who is too strong for them; yes, the poor and the needy from the one who robs him?"""
Psalms 35:14	brother	I behaved myself as though it had been my friend or my brother. I bowed down mourning, as one who mourns their mother.
Psalms 35:25	him	"Don't let them say in their heart, ""Aha! That's the way we want it!"" Don't let them say, ""We have swallowed him up!"""
Psalms 36:1	his	"An oracle is within my heart about the disobedience of the wicked: ""There is no reverence for God before his eyes."""
Psalms 36:2	he, himself, his	For he flatters himself in his own eyes, too much to detect and hate his sin.
Psalms 36:3	his, he	The words of his mouth are iniquity and deceit. He has ceased to be wise and to do good.
Psalms 36:4	he, his, himself	He plots iniquity on his bed. He sets himself in a way that is not good. He doesn't abhor brokenness.
Psalms 36:6	man	Your righteousness is like the mountains of Elohim. Your judgments are like a great deep. YHWH, you preserve man and animal.
Psalms 37:4	he	Also delight yourself in YHWH, and he will give you the desires of your heart.
Psalms 37:5	him, he	Commit your way to YHWH. Trust also in him, and he will do this:
Psalms 37:6	he	he will make your righteousness go forth as the light, and your justice as the noon day sun.
Psalms 37:7	him	Rest in YHWH, and wait patiently for him. Don't fret because of the one who prospers in their way, because of the one who makes wicked plots happen.
Psalms 37:10	his, he	For yet a little while, and the wicked will be no more. Yes, though you look for his place, he isn't there.
Psalms 37:12	him, his	The wicked plots against the just, and gnashes at him with his teeth.
Psalms 37:13	him, his	YHWH will laugh at him, for YHWH sees that his day is coming.
Psalms 37:22	him	For such as are blessed by him shall inherit the land. Those who are cursed by him shall be cut off.
Psalms 37:23	his	A person's goings are established by YHWH. YHWH delights in his way.
Psalms 37:24	he, him, his	Though he stumble, he shall not fall, for YHWH holds him up with his hand.
Psalms 37:25	his	I have been young, and now am old, yet I have not seen the righteous forsaken, nor his children begging for bread.
Psalms 37:26	he, his	All day long he deals graciously, and lends. His seed is blessed.
Psalms 37:28	his	For YHWH loves justice, and doesn't forsake his saints. They are preserved forever, but the children of the wicked shall be cut off.
Psalms 37:30	his	The mouth of the righteous talks of wisdom. His tongue speaks justice.
Psalms 37:31	his	The law of his God is in his heart. None of his steps shall slide.
Psalms 37:32	him	The wicked watches the righteous, and seeks to kill him.
Psalms 37:33	him, his, he	YHWH will not leave him in his hand, nor condemn him when he is judged.
Psalms 37:35	himself	I have seen the wicked in great power, spreading himself like a green tree in its native soil.
Psalms 37:36	he, him	But he passed away, and behold, he was not. Yes, I sought him, but he could not be found.
Psalms 37:37	man	Mark the perfect man, and see the upright, for there is a future for the person of peace.
Psalms 38:11	kinsmen	My lovers and my friends stand aloof from my plague. My kinsmen stand far away.
Psalms 38:13	man, his	But I, as a deaf man, don't hear. I am as a mute man who doesn't open his mouth.
Psalms 39:6	he	"""Surely everyone walks like a shadow. Surely they busy themselves in vain. He heaps up, and doesn't know who shall gather."
Psalms 39:11	man, his	"When you rebuke and correct man for iniquity, You consume his wealth like a moth. Surely everyone is but a breath."" Selah."
Psalms 39:12	fathers	"""Hear my prayer, YHWH, and give ear to my cry. Don't be silent at my tears. For I am a stranger with you, a foreigner, as all my fathers were."
Psalms 41:1	him	Blessed is the one who considers the poor. YHWH will deliver him in the day of brokenness.
Psalms 41:2	him, he, his	YHWH will preserve him, and keep him alive. He shall be blessed on the earth, and YHWH will not surrender him to the will of his enemies.
Psalms 41:3	him, his	YHWH will sustain him on his sickbed, and restore him from his bed of illness.
Psalms 41:5	he, his	"My enemies speak harmfully against me: ""When will he die, and his name perish?"""
Psalms 41:6	he, his	If he comes to see me, he speaks falsehood. His heart gathers iniquity to itself. When he goes abroad, he tells it.
Psalms 41:8	him, he	"""A grievous disease,"" they say, ""has afflicted him. Now that he lies he shall rise up no more."""
Psalms 41:9	his	Yes, my own familiar friend, in whom I trusted, who ate bread with me, has lifted up his heel against me.
Psalms 41:13	amen	Blessed be YHWH, the God of Israel, from everlasting and to everlasting! Amen and amen.
Psalms 42:5	him, his	Why are you in despair, my soul? Why are you disturbed within me? Hope in Elohim! For I shall still praise him for the saving help of his presence.
Psalms 42:11	him	Why are you in despair, my soul? Why are you disturbed within me? Hope in Elohim! For I shall still praise him, the saving help of my countenance, and my God.
Psalms 43:1	men	Vindicate me, Elohim, and plead my cause against an ungodly nation. Oh, deliver me from deceitful and wicked men.
Psalms 43:5	him	Why are you in despair, my soul? Why are you disturbed within me? Hope in Elohim! For I shall still praise him: my Savior, my helper, and my God.
Psalms 44:1	fathers	We have heard with our ears, Elohim; our fathers have told us, what work you did in their days, in the days of old.
Psalms 44:4	king	You are my King, Elohim. Command victories for Ya'akov!
Psalms 44:21	he	won't Elohim search this out? For he knows the secrets of the heart.
Psalms 45:1	king	My heart overflows with a noble theme. I recite my verses for the king. My tongue is like the pen of a skillful writer.
Psalms 45:5	king	Your arrows are sharp. The nations fall under you, with arrows in the heart of the king's enemies.
Psalms 45:9	kings	Kings' daughters are among your honorable women. At your right hand the queen stands in gold of Ophir.
Psalms 45:10	father	Listen, daughter, consider, and turn your ear. Forget your own people, and also your father's house.
Psalms 45:11	king, him, he, lord	So the king will desire your beauty, honor him, for he is your lord.
Psalms 45:14	king	She shall be led to the king in embroidered work. The virgins, her companions who follow her, shall be brought to you.
Psalms 45:15	king	With gladness and rejoicing they shall be led. They shall enter into the king's palace.
Psalms 45:16	sons, fathers, princes	Your sons will take the place of your fathers. You shall make them princes in all the earth.
Psalms 47:2	king	For YHWH Most High is awesome. YHWH is a great King over all the earth.
Psalms 47:6	king	Sing praise to Elohim, sing praises. Sing praises to our King, sing praises.
Psalms 47:7	king	For Elohim is the King of all the earth. Sing praises with understanding.
Psalms 47:8	his	Elohim reigns over the nations. Elohim sits on his holy throne.
Psalms 47:9	princes	The princes of the peoples are gathered together, the people of the God of Avraham. For the shields of the earth belong to Elohim. Elohim is greatly exalted!
Psalms 48:2	king	Beautiful in elevation, the joy of the whole earth, is Har Tzion, on the north sides, the city of the great King.
Psalms 48:4	kings	For, behold, the kings assembled themselves, they passed by together.
Psalms 49:7	his, brother, him	none of them can by any means redeem his brother, nor give Elohim a ransom for him.
Psalms 49:9	he	That he should live on forever, that he should not see corruption.
Psalms 49:10	he	For he sees that wise people die; likewise the fool and the senseless perish, and leave their wealth to others.
Psalms 49:12	man, his, he	But man, despite his riches, doesn't endure. He is like the animals that perish.
Psalms 49:17	he, his, him	For when he dies he shall carry nothing away. His glory shall not descend after him.
Psalms 49:18	he, his, men	Though while he lived he blessed his soul--and men praise you when you do well for yourself--
Psalms 49:19	he, his, fathers	he shall go to the generation of his fathers. They shall never see the light.
Psalms 50:3	him	our God comes, and does not keep silent. A fire devours before him. It is very stormy around him.
Psalms 50:9	male	I have no need for a bull from your stall, nor male goats from your pens.
Psalms 50:18	him	When you saw a thief, you consented with him, and have participated with adulterers.
Psalms 50:20	brother, son	You sit and speak against your brother. You slander your own mother's son.
Psalms 52:1	man	Why do you boast of mischief, mighty man? Elohim's loving kindness endures continually.
Psalms 52:6	him	The righteous also will see it, and fear, and laugh at him, saying,
Psalms 54:3	men	For strangers have risen up against me. Violent men have sought after my soul. They haven't set Elohim before them. Selah.
Psalms 54:7	he	For he has delivered me out of all trouble. My eye has seen triumph over my enemies.
Psalms 55:12	him	For it was not an enemy who insulted me, then I could have endured it. Neither was it the one who hated me who raised themselves up against me, then I would have hid myself from him.
Psalms 55:20	he, his	He raises his hands against his friends. He has violated his covenant.
Psalms 55:21	his	His mouth was smooth as butter, but his heart was war. His words were softer than oil, yet they were drawn swords.
Psalms 56:1	man, he	Be merciful to me, Elohim, for man wants to swallow me up. All day long, he attacks and oppresses me.
Psalms 56:4	his	In Elohim, I praise his word. In Elohim, I put my trust. I will not be afraid. What can flesh do to me?
Psalms 56:10	his	In Elohim, I will praise his word. In YHWH, I will praise his word.
Psalms 56:11	man	I have put my trust in Elohim. I will not be afraid. What can man do to me?
Psalms 58:9	he	Before your pots can feel the heat of the thorns, he will sweep away the green and the burning alike.
Psalms 58:10	he, his	The righteous shall rejoice when he sees the vengeance. He shall wash his feet in the blood of the wicked;
Psalms 59:2	men	Deliver me from the workers of iniquity. Save me from the bloodthirsty men.
Psalms 60:6	his	"Elohim has spoken from his sanctuary: ""I will triumph. I will divide Shekhem, and measure out the valley of Succoth."
Psalms 61:6	king, his	You will prolong the king's life; his years shall be for generations.
Psalms 61:7	he, him	He shall be enthroned in Elohim's presence forever. Appoint your loving kindness and truth, that they may preserve him.
Psalms 62:3	him	How long will you assault a person, would all of you throw him down, Like a leaning wall, like a tottering fence?
Psalms 62:4	him, his	They fully intend to throw him down from his lofty place. They delight in lies. They bless with their mouth, but they curse inwardly. Selah.
Psalms 62:9	men	Surely men of low degree are just a breath, and men of high degree are a lie. In the balances they will go up. They are together lighter than a breath.
Psalms 63:11	king, him	But the king shall rejoice in Elohim. Everyone who swears by him will praise him, for the mouth of those who speak lies shall be silenced.
Psalms 64:4	men, him	to shoot innocent men from ambushes. They shoot at him suddenly and fearlessly.
Psalms 64:9	he	All humanity shall be afraid. They shall declare the work of Elohim, and shall wisely ponder what he has done.
Psalms 64:10	him	The righteous shall be glad in YHWH, and shall take refuge in him. All the upright in heart shall praise him!
Psalms 65:4	he	Blessed is one whom you choose, and cause to come near, that he may live in your courts. We will be filled with the goodness of your house, your holy temple.
Psalms 65:6	his	Who by his power forms the mountains, having armed yourself with strength;
Psalms 66:12	men	You allowed men to ride over our heads. We went through fire and through water, but you brought us to the place of abundance.
Psalms 67:7	him	Elohim will bless us. All the ends of the earth shall revere him.
Psalms 68:12	kings	"""Kings of armies flee! They flee!"" She who waits at home divides the spoil,"
Psalms 68:14	kings	When the Almighty scattered kings in her, it snowed on Zalmon.
Psalms 68:18	men	You have ascended on high. You have led away captives. You have received gifts among men, yes, among the rebellious also, that Yah Elohim might dwell there.
Psalms 68:21	his	But Elohim will strike through the head of Elohim’s enemies, the hairy scalp of such a one as still continues in his guiltiness.
Psalms 68:24	king	They have seen your processions, Elohim, even the processions of my God, my King, into the sanctuary.
Psalms 68:27	princes	There is little Binyamin, their ruler, the princes of Yehudah, their council, the princes of Zevulun, and the princes of Naphtali.
Psalms 68:29	kings	Because of your temple at Yerushalayim, kings shall bring presents to you.
Psalms 68:31	princes	Princes shall come out of Mitzrayim. Ethiopia shall hurry to stretch out her hands to Elohim.
Psalms 69:8	brothers	I have become a stranger to my brothers, an alien to my mother's children.
Psalms 69:33	his	For YHWH hears the needy, and doesn't despise his captive people.
Psalms 69:34	him	Let heavens and earth praise him; the seas, and everything that moves therein!
Psalms 71:4	man	Rescue me, my God, from the hand of the wicked, from the hand of the unrighteous and cruel man.
Psalms 71:11	him	"saying, ""Elohim has forsaken him. Pursue and take him, for no one will rescue him."""
Psalms 72:1	king, son	Elohim, give the king your justice; your righteousness to the royal son.
Psalms 72:2	he	He will judge your people with righteousness, and your poor with justice.
Psalms 72:4	he	He will judge the poor of the people. He will save the children of the needy, and will break the oppressor in pieces.
Psalms 72:6	he	He will come down like rain on the mown grass, as showers that water the earth.
Psalms 72:7	his	In his days, the righteous shall flourish, and abundance of peace, until the moon is no more.
Psalms 72:8	he	He shall have dominion also from sea to sea, from the River to the ends of the earth.
Psalms 72:9	him, his	Those who dwell in the wilderness shall bow before him. His enemies shall lick the dust.
Psalms 72:10	kings	The kings of Tarshish and of the islands will bring tribute. The kings of Sheba and Seba shall offer gifts.
Psalms 72:11	kings, him	Yes, all kings shall fall down before him. All nations shall serve him.
Psalms 72:12	he	For he will deliver the needy when he cries; the poor, who has no helper.
Psalms 72:13	he	He will have pity on the poor and needy. He will save the souls of the needy.
Psalms 72:14	he, his	He will redeem their soul from oppression and violence. Their blood will be precious in his sight.
Psalms 72:15	him	They shall live, and to him shall be given of the gold of Sheba. People shall pray for him continually. They shall bless him all day long.
Psalms 72:17	his, him	His name endures forever. His name continues as long as the sun. People shall be blessed by him. All nations will call him blessed.
Psalms 72:19	amen	Blessed be YHWH’s glorious name forever! Let the whole earth be filled with YHWH’s glory! Amen and amen.
Psalms 72:20	son	This ends the prayers by Dawid, the son of Yishai.
Psalms 73:5	men	They are free from burdens of people, neither are they plagued like other men.
Psalms 74:5	men	They behaved like men wielding axes, cutting through a thicket of trees.
Psalms 74:12	king	Yet Elohim is my King of old, working salvation in the midst of the earth.
Psalms 74:14	him	You broke the heads of Leviathan in pieces. You gave him as food to people and desert creatures.
Psalms 75:1	men	We give thanks to you, Elohim. We give thanks, for your Name is near. Men tell about your wondrous works.
Psalms 75:8	he	For in the hand of YHWH there is a cup, full of foaming wine mixed with spices. He pours it out. Indeed the wicked of the earth drink and drink it to its very dregs.
Psalms 76:5	men	Valiant men lie plundered, they have slept their last sleep. None of the men of war can lift their hands.
Psalms 76:10	man	Surely the wrath of man praises you. The survivors of your wrath are restrained.
Psalms 76:12	princes, kings	Elohim will cut off the spirit of princes. Elohim is feared by the kings of the earth.
Psalms 77:1	him	My cry goes to Elohim! Indeed, I cry to Elohim for help, and for him to listen to me.
Psalms 77:7	he	"""Will YHWH reject us forever? Will he be favorable no more?"
Psalms 77:9	he, his	"Has Elohim forgotten to be gracious? Has he, in anger, withheld his compassion?"" Selah."
Psalms 77:15	sons	You have redeemed your people with your arm, the sons of Ya'akov and Yosef. Selah.
Psalms 78:3	fathers	Which we have heard and known, and our fathers have told us.
Psalms 78:5	fathers	For YHWH established a testimony in Ya'akov, and appointed a teaching in Israel, which YHWH commanded our fathers, that they should make them known to their children;
Psalms 78:8	fathers	and might not be as their fathers, a stubborn and rebellious generation, a generation that didn't make their hearts loyal, whose spirit was not steadfast with Elohim.
Psalms 78:12	fathers	Elohim did marvelous things in the sight of their fathers, in the land of Mitzrayim, in the field of Zoan.
Psalms 78:25	man	Man ate the bread of angels. Elohim sent them food to the full.
Psalms 78:57	fathers	but turned back, and dealt treacherously like their fathers. They were turned aside like a deceitful bow.
Psalms 78:60	men	So that Elohim forsook the tent of Shilo, the tent which Elohim placed among men;
Psalms 78:65	man	Then YHWH awakened as one out of sleep, like a mighty man who shouts by reason of wine.
Psalms 78:70	him	YHWH also chose Dawid YHWH’s servant, and took him from the sheepfolds;
Psalms 78:71	him	from following the ewes that have their young, Elohim brought him to be the shepherd of Ya'akov, Elohim’s people, and Israel, Elohim’s inheritance.
Psalms 78:72	he, his	So he was their shepherd according to the integrity of his heart, and guided them by the skillfulness of his hands.
Psalms 79:7	his	For they have devoured Ya'akov, and destroyed his homeland.
Psalms 81:5	he	He appointed it in Yosef for a testimony, when he went out over the land of Mitzrayim, I heard a language that I didn't know.
Psalms 81:6	his	"""I removed his shoulder from the burden. His hands were freed from the basket."
Psalms 81:15	him	The haters of YHWH would cringe before him, and their punishment would last forever.
Psalms 81:16	he	"But he would have also fed them with the finest of the wheat. I will satisfy you with honey out of the rock."""
Psalms 82:6	sons	"I said, ""You are gods, all of you are sons of the Most High."
Psalms 82:7	men	"Nevertheless you shall die like men, and fall like one of the rulers."""
Psalms 83:11	princes	Make their nobles like Oreb and Zeeb; yes, all their princes like Zebah and Zalmunna;
Psalms 84:3	king	Yes, the sparrow has found a home, and the swallow a nest for herself, where she may have her young, near your altars, YHWH of Armies, my King, and my God.
Psalms 85:9	his, him	Surely his salvation is near those who revere him, that glory may dwell in our land.
Psalms 85:13	him, his	Righteousness goes before him, And prepares the way for his steps.
Psalms 86:14	men	Elohim, the proud have risen up against me. A company of violent men have sought after my soul, and they don't hold regard for you before them.
Psalms 86:16	son	Turn to me, and have mercy on me! Give your strength to your servant. Save the son of your handmaid.
Psalms 87:1	his	His foundation is in the holy mountains.
Psalms 89:6	sons	For who in the skies can be compared to YHWH? Who among the sons of the heavenly beings is like YHWH,
Psalms 89:7	him	a very awesome Elohim in the council of the holy ones, to be feared above all those who are around him?
Psalms 89:18	king	For our shield belongs to YHWH; our king to the Holy One of Israel.
Psalms 89:20	him	I have found Dawid, my servant. I have anointed him with my holy oil,
Psalms 89:21	him	with whom my hand shall be established. My arm will also strengthen him.
Psalms 89:22	him	No enemy will tax him. No broken person will oppress him.
Psalms 89:23	his, him	I will beat down his adversaries before him, and strike those who hate him.
Psalms 89:24	him, his	But my faithfulness and my loving kindness will be with him. In my name, his horn will be exalted.
Psalms 89:25	his	I will set his hand also on the sea, and his right hand on the rivers.
Psalms 89:26	he	He will call to me, 'You are my Cosmic Parent, my God, and the rock of my salvation!'
Psalms 89:27	him, kings	I will also appoint him my firstborn, the highest of the kings of the earth.
Psalms 89:28	him	I will keep my loving kindness for him forevermore. My covenant will stand firm with him.
Psalms 89:29	his	I will also make his seed endure forever, and his throne as the days of heavens.
Psalms 89:30	his	If his children forsake my law, and don't walk in my ordinances;
Psalms 89:33	him	But I will not completely take my loving kindness from him, nor allow my faithfulness to fail.
Psalms 89:36	his	His seed will endure forever, his throne like the sun before me.
Psalms 89:39	his	You have renounced the covenant of your servant. You have defiled his crown in the dust.
Psalms 89:40	his	You have broken down all his hedges. You have brought his strongholds to ruin.
Psalms 89:41	him, he, his	All who pass by the way rob him. He has become a reproach to his neighbors.
Psalms 89:42	his	You have exalted the right hand of his adversaries. You have made all of his enemies rejoice.
Psalms 89:43	his, him	Yes, you turn back the edge of his sword, and haven't supported him in battle.
Psalms 89:44	his	You have ended his splendor, and thrown his throne down to the ground.
Psalms 89:45	his, him	You have shortened the days of his youth. You have covered him with shame. Selah.
Psalms 89:52	amen	Blessed be YHWH forevermore. Amen, and Amen.
Psalms 90:3	man	"You turn man to destruction, saying, ""Return, you children of people."""
Psalms 91:2	he	"I will say of YHWH, ""He is my refuge and my fortress; my God, in whom I trust."""
Psalms 91:14	he, his, him	"""Because he has set his love on me, therefore I will deliver him. I will set him on high, because he has known my name."
Psalms 91:15	he, him	He will call on me, and I will answer him. I will be with him in trouble. I will deliver him, and honor him.
Psalms 91:16	him	"I will satisfy him with long life, and show him my salvation."""
Psalms 92:6	man	A senseless man doesn't know, neither does a fool understand this:
Psalms 92:12	he	The righteous shall flourish like the palm tree. He will grow like a cedar in Levanon.
Psalms 94:10	man	The one who disciplines the nations, won't they punish? The one who teaches man knows.
Psalms 94:11	man	YHWH knows the thoughts of man, that they are futile.
Psalms 94:13	him	that you may give him rest from the days of adversity, until the pit is dug for the wicked.
Psalms 95:3	king	For YHWH is a great Elohim, a great King above all gods.
Psalms 95:9	fathers	when your fathers tempted me, tested me, and saw my work.
Psalms 96:9	him	Worship YHWH in holy array. Tremble before him, all the earth.
Psalms 97:7	him	Let all them be shamed who serve engraved images, who boast in their idols. Worship him, all you gods!
Psalms 98:6	king	With trumpets and sound of the ram's horn, make a joyful noise before the King, YHWH.
Psalms 99:4	king	The King's strength also loves justice. You do establish equity. You execute justice and righteousness in Ya'akov.
Psalms 101:3	men	I will set no vile thing before my eyes. I hate the deeds of faithless men. They will not cling to me.
Psalms 102:15	kings	So the nations will fear the name of YHWH; all the kings of the earth your glory.
Psalms 102:21	men	that men may declare the name of YHWH in Tzion, and YHWH’s praise in Yerushalayim;
Psalms 103:13	father, his	Like a father has compassion on his children, so YHWH has compassion on those who revere YHWH.
Psalms 103:15	man, his, he	As for man, his days are like grass. As a flower of the field, so he flourishes.
Psalms 104:14	man, he	YHWH causes the grass to grow for the livestock, and plants for man to cultivate, that he may bring forth food out of the earth:
Psalms 104:23	man, his	Man goes forth to his work, to his labor until the evening.
Psalms 104:34	him	Let your meditation be sweet to him. I will rejoice in YHWH.
Psalms 105:12	men	when they were but a few men in number, yes, very few, and foreigners in it.
Psalms 105:14	kings	They allowed no one to do them wrong. Yes, YHWH reproved kings for their sakes,
Psalms 105:18	his	They bruised his feet with shackles. His neck was locked in irons,
Psalms 105:19	his, him	until the time that his word happened, and YHWH's word proved him true.
Psalms 105:20	king, him	The king sent and freed him; even the ruler of peoples, and let him go free.
Psalms 105:21	he, him, lord, his	He made him lord of his house, and ruler of all of his possessions;
Psalms 105:22	his, princes	to discipline his princes at his pleasure, and to teach his elders wisdom.
Psalms 105:30	kings	Their land swarmed with frogs, even in the chambers of their kings.
Psalms 105:37	his	YHWH brought them forth with silver and gold. There was not one feeble person among his tribes.
Psalms 106:6	fathers	We have sinned with our fathers. We have committed iniquity. We have done wickedly.
Psalms 106:7	fathers	Our fathers didn't understand your wonders in Mitzrayim. They didn't remember the multitude of your loving kindnesses, but were rebellious at the sea, even at the Red Sea.
Psalms 106:31	him	That was credited to him for righteousness, for all generations to come.
Psalms 106:33	he, his	because they were rebellious against YHWH’s spirit, he spoke rashly with his lips.
Psalms 106:37	sons	Yes, they sacrificed their sons and their daughters to demons.
Psalms 106:38	sons	They shed innocent blood, even the blood of their sons and of their daughters, whom they sacrificed to the idols of Kena'an. The land was polluted with blood.
Psalms 106:43	he	Many times he delivered them, but they were rebellious in their counsel, and were brought low in their iniquity.
Psalms 106:44	he	Nevertheless he regarded their distress, when he heard their cry.
Psalms 106:48	amen	"Blessed be YHWH, the God of Israel, from everlasting even to everlasting! Let all the people say, ""Amen."" Praise Yah!"
Psalms 107:27	man	They reel back and forth, and stagger like a drunken man, and are at their wits' end.
Psalms 107:40	princes	YHWH pours contempt on princes, and causes them to wander in a trackless waste.
Psalms 108:7	his	"Elohim has spoken from his sanctuary: ""In triumph, I will divide Shekhem, and measure out the valley of Succoth."
Psalms 109:6	him, his	Set a broken person over him. Let an adversary stand at his right hand.
Psalms 109:7	he, him, his	When he is judged, let him come forth guilty. Let his prayer be turned into sin.
Psalms 109:8	his	Let his days be few. Let another take his office.
Psalms 109:9	his	Let his children be fatherless, and his wife a widow.
Psalms 109:10	his	Let his children be wandering beggars. Let them be sought from their ruins.
Psalms 109:11	he, his	Let the creditor seize all that he has. Let strangers plunder the fruit of his labor.
Psalms 109:12	him, his	Let there be none to extend kindness to him, neither let there be any to have pity on his fatherless children.
Psalms 109:13	his	Let his posterity be cut off. In the generation following let their name be blotted out.
Psalms 109:14	his, fathers	Let the iniquity of his fathers be remembered by YHWH. Don't let the sin of his mother be blotted out.
Psalms 109:15	he	Let them be before YHWH continually, that he may cut off the memory of them from the earth;
Psalms 109:16	he, man	because he didn't remember to show kindness, but persecuted the poor and needy man, the broken in heart, to kill them.
Psalms 109:17	he, him	Yes, he loved cursing, and it came to him. He didn't delight in blessing, and it was far from him.
Psalms 109:18	he, himself, his	He clothed himself also with cursing as with his garment. It came into his inward parts like water, like oil into his bones.
Psalms 109:19	him, he, himself	Let it be to him as the clothing with which he covers himself, for the belt that is always around him.
Psalms 109:30	him	I will give great thanks to YHWH with my mouth. Yes, I will praise him among the multitude.
Psalms 109:31	he, him, his	For he will stand at the right hand of the needy, to save him from those who judge his soul.
Psalms 110:5	he, kings, his	YHWH is at your right hand. He will crush kings in the day of his wrath.
Psalms 110:6	he	He will judge among the nations. He will heap up dead bodies. He will crush the ruler of the whole earth.
Psalms 110:7	he, his	He will drink of the brook in the way; therefore he will lift up his head.
Psalms 111:4	he, his	He has caused his wonderful works to be remembered. YHWH is gracious and merciful.
Psalms 112:2	his	His seed will be mighty in the land. The generation of the upright will be blessed.
Psalms 112:3	his	Wealth and riches are in his house. His righteousness endures forever.
Psalms 112:5	he, his	It is well with the one who deals graciously and lends. He will maintain his cause in judgment.
Psalms 112:6	he	For he will never be shaken. The righteous will be remembered forever.
Psalms 112:7	he, his	He will not be afraid of brokenness news. His heart is steadfast, trusting in YHWH.
Psalms 112:8	his, he	His heart is established. He will not be afraid in the end when he sees his adversaries.
Psalms 112:9	he, his	He has dispersed, he has given to the poor. His righteousness endures forever. His horn will be exalted with honor.
Psalms 112:10	he, his	The wicked will see it, and be grieved. He shall gnash with his teeth, and melt away. The desire of the wicked will perish.
Psalms 113:8	he, him, princes, his	that he may set him with princes, even with the princes of his people.
Psalms 114:2	his	Yehudah became his sanctuary, Israel his dominion.
Psalms 116:16	son	YHWH, truly I am your servant. I am your servant, the son of your handmaid. You have freed me from my chains.
Psalms 117:1	him	Praise YHWH, all you nations! Extol him, all you peoples!
Psalms 118:6	man	YHWH is on my side. I will not be afraid. What can man do to me?
Psalms 118:8	man	It is better to take refuge in YHWH, than to put confidence in man.
Psalms 118:9	princes	It is better to take refuge in YHWH, than to put confidence in princes.
Psalms 119:9	his	How can a young person keep his way pure? By living according to your word.
Psalms 119:23	princes	Though princes sit and slander me, your servant will meditate on your statutes.
Psalms 119:46	kings	I will also speak of your statutes before kings, and will not be disappointed.
Psalms 119:113	men	I hate double-minded men, but I love your law.
Psalms 119:134	man	Redeem me from the oppression of man, so I will observe your precepts.
Psalms 119:161	princes	Princes have persecuted me without a cause, but my heart stands in awe of your words.
Psalms 120:1	he	In my distress, I cried to YHWH. He answered me.
Psalms 122:8	brothers	"For my brothers' and companions' sakes, I will now say, ""Peace be within you."""
Psalms 123:2	master	Behold, as the eyes of servants look to the hand of their master, as the eyes of a maid to the hand of her mistress; so our eyes look to YHWH, our God, until YHWH has mercy on us.
Psalms 124:2	men	if it had not been YHWH who was on our side, when men rose up against us;
Psalms 127:1	watchman	Unless YHWH builds the house, they labor in vain who build it. Unless YHWH watches over the city, the watchman guards it in vain.
Psalms 127:2	he, his	It is vain for you to rise up early, to stay up late, eating the bread of toil; for he gives sleep to his loved ones.
Psalms 127:3	his	Behold, children are a heritage of YHWH. The fruit of the womb is his reward.
Psalms 127:4	man	As arrows in the hand of a mighty man, so are the children of youth.
Psalms 130:6	watchmen	My soul longs for YHWH more than watchmen long for the morning; more than watchmen for the morning.
Psalms 131:2	his	Surely I have stilled and quieted my soul, like a weaned child with his mother, like a weaned child is my soul within me.
Psalms 132:1	his	YHWH, remember Dawid and all his affliction,
Psalms 132:2	he	how he swore to YHWH, and vowed to the Mighty One of Ya'akov:
Psalms 132:7	his	"""We will go into his dwelling place. We will worship at his footstool."
Psalms 132:18	his, himself	"I will clothe his enemies with shame, but on himself, his crown will be resplendent."""
Psalms 133:1	brothers	See how good and how pleasant it is for brothers to live together in unity!
Psalms 133:2	his	It is like the precious oil on the head, that ran down on the beard, even Aharon's beard; that came down on the edge of his robes;
Psalms 135:1	him	Praise Yah! Praise the name of YHWH! Praise him, you servants of YHWH,
Psalms 135:8	man	Who struck the firstborn of Mitzrayim, both of man and animal;
Psalms 135:9	his	Who sent signs and wonders into the midst of you, Mitzrayim, on Pharaoh, and on all his servants;
Psalms 135:10	kings	who struck many nations, and killed mighty kings,
Psalms 135:11	king	Sihon king of the Amorites, Og king of Bashan, and all the kingdoms of Kena'an,
Psalms 136:15	his	But overthrew Pharaoh and his army in the Red Sea; for YHWH’s loving kindness endures forever:
Psalms 136:17	kings	To the one who struck great kings; for YHWH’s loving kindness endures forever;
Psalms 136:18	kings	And killed mighty kings; for YHWH’s loving kindness endures forever:
Psalms 136:19	king	Sihon king of the Amorites; for YHWH’s loving kindness endures forever;
Psalms 136:20	king	Og king of Bashan; for YHWH’s loving kindness endures forever;
Psalms 137:8	he	Daughter of Bavel, doomed to destruction, he will be happy who rewards you, as you have served us.
Psalms 137:9	he	Happy shall he be, who takes and dashes your little ones against the rock.
Psalms 138:4	kings	All the kings of the earth will give you thanks, YHWH, for they have heard the words of your mouth.
Psalms 139:19	men	If only you, Elohim, would kill the wicked. Get away from me, you bloodthirsty men!
Psalms 140:1	man	Deliver me, YHWH, from the brokenness man. Preserve me from the violent man;
Psalms 140:11	man, him	A brokenness speaker won't be established in the earth. Brokenness will hunt the violent man to overthrow him.
Psalms 141:5	him	Let the righteous strike me, it is kindness; let him reprove me, it is like oil on the head; don't let my head refuse it; Yet my prayer is always against broken deeds.
Psalms 142:2	him	I pour out my complaint before him. I tell him my troubles.
Psalms 143:3	he	For the enemy pursues my soul. He has struck my life down to the ground. He has made me live in dark places, as those who have been long dead.
Psalms 144:2	he	my loving kindness, my fortress, my high tower, my deliverer, my shield, and he in whom I take refuge; who subdues my people under me.
Psalms 144:3	man, him	YHWH, what is man, that you care for him? Or the child of humanity, that you think of them?
Psalms 144:4	his	A person is like a breath. His days are like a shadow that passes away.
Psalms 144:10	kings	You are the one who gives salvation to kings, who rescues Dawid, their servant, from the deadly sword.
Psalms 144:12	sons	Then our sons will be like well-nurtured plants, our daughters like pillars carved to adorn a palace.
Psalms 145:1	king	I will exalt you, my God, the King. I will praise your name forever and ever.
Psalms 145:6	men	Men will speak of the might of your awesome acts. I will declare your greatness.
Psalms 146:3	princes	Don't put your trust in princes, each a child of humanity in whom there is no help.
Psalms 146:4	his, he	His spirit departs, and he returns to the earth. In that very day, his thoughts perish.
Psalms 147:1	him	Praise Yah, for it is good to sing praises to our God; for it is pleasant and fitting to praise him.
Psalms 148:11	kings, princes	kings of the earth and all peoples; princes and all judges of the earth;
Psalms 148:12	men	both young people and maidens; old men and children:
Psalms 149:1	his	Praise YHWH! Sing to YHWH a new song, his praise in the assembly of the saints.
Psalms 149:2	king	Let Israel rejoice in the one who made them. Let the children of Tzion be joyful in their King.
Psalms 149:8	kings	To bind their kings with chains, and their nobles with fetters of iron;
Psalms 149:9	his	to execute on them the written judgment. All his saints have this honor. Praise Yah!
Psalms 150:1	his, him	Praise Yah! Praise Elohim in his sanctuary! Praise him in his heavens for his acts of power!
Psalms 150:2	him, his	Praise him for his mighty acts! Praise him according to his excellent greatness!
Psalms 150:3	him	Praise him with the sounding of the trumpet! Praise him with harp and lyre!
Psalms 150:4	him	Praise him with tambourine and dancing! Praise him with stringed instruments and flute!
Psalms 150:5	him	Praise him with loud cymbals! Praise him with resounding cymbals!
Proverbs 1:1	son, king	The proverbs of Shlomo, the son of Dawid, king of Israel:
Proverbs 1:8	father	My child, listen to your father's instruction, and don't forsake your mother's teaching:
Proverbs 2:8	he, his	that he may guard the paths of justice, and preserve the way of his saints.
Proverbs 2:20	men	that you may walk in the way of good men, and keep the paths of the righteous.
Proverbs 3:4	man	So you will find favor, and good understanding in the sight of Elohim and man.
Proverbs 3:6	him, he	In all your ways acknowledge him, and he will make your paths straight.
Proverbs 3:12	father, son, he	for whom YHWH loves, YHWH reproves; even as a father reproves the son in whom he delights.
Proverbs 3:20	his	By his knowledge, the depths were broken up, and the skies drop down the dew.
Proverbs 3:29	he	Don't devise brokenness against your neighbor, seeing he dwells securely by you.
Proverbs 3:31	his	Don't envy the violent person. Choose none of his ways.
Proverbs 3:34	he	Surely he mocks the mockers, but he gives grace to the humble.
Proverbs 4:1	sons, father	Listen, sons, to a father's instruction. Pay attention and know understanding;
Proverbs 4:3	son, father	For I was a son to my father, tender and an only child in the sight of my mother.
Proverbs 4:4	he	"He taught me, and said to me: ""Let your heart retain my words. Keep my commandments, and live."
Proverbs 4:14	men	Don't enter into the path of the wicked. Don't walk in the way of brokenness men.
Proverbs 5:21	man, his	For the ways of man are before the eyes of YHWH. YHWH examines all his paths.
Proverbs 5:22	him, his	The broken deeds of the wicked ensnare him. The cords of his sin hold him firmly.
Proverbs 5:23	he, his	He will die for lack of instruction. In the greatness of his folly, he will go astray.
Proverbs 6:11	man	so your poverty will come as a robber, and your scarcity as an armed man.
Proverbs 6:13	his	who winks with his eyes, who signals with his feet, who motions with his fingers;
Proverbs 6:15	his, he	Therefore his calamity will come suddenly. He will be broken suddenly, and that without remedy.
Proverbs 6:19	brothers	a false witness who utters lies, and the one who sows discord among brothers.
Proverbs 6:20	father	My child, keep your father's commandment, and don't forsake your mother's teaching.
Proverbs 6:28	his	Or can one walk on hot coals, and his feet not be scorched?
Proverbs 6:30	men, he, himself	Men don't despise a thief, if he steals to satisfy himself when he is hungry:
Proverbs 6:31	he, his	but if he is found, he shall restore seven times. He shall give all the wealth of his house.
Proverbs 6:33	he, his	He will get wounds and dishonor. His reproach will not be wiped away.
Proverbs 6:34	husband, he	For jealousy arouses the fury of the husband. He won't spare in the day of vengeance.
Proverbs 6:35	he	He won't regard any ransom, neither will he rest content, though you give many gifts.
Proverbs 7:8	he	passing through the street near her corner, he went the way to her house,
Proverbs 7:10	him	Behold, there a woman met him with the attire of a prostitute, and with crafty intent.
Proverbs 7:13	him	So she caught him, and kissed him. With an impudent face she said to him:
Proverbs 7:19	husband, he	For my husband isn't at home. He has gone on a long journey.
Proverbs 7:20	he, him	"He has taken a bag of money with him. He will come home at the full moon."""
Proverbs 7:21	him	With persuasive words, she led him astray. With the flattering of her lips, she seduced him.
Proverbs 7:23	his	Until an arrow strikes through his liver, as a bird hurries to the snare, and doesn't know that it will cost his life.
Proverbs 7:24	sons	Now therefore, sons, listen to me. Pay attention to the words of my mouth.
Proverbs 8:4	men, sons	"""To you men, I call! I send my voice to the sons of humanity."
Proverbs 8:15	kings, princes	By me kings reign, and princes decree justice.
Proverbs 8:16	princes	By me princes rule; nobles, and all the righteous rulers of the earth.
Proverbs 8:26	he	while as yet he had not made the earth, nor the fields, nor the beginning of the dust of the world.
Proverbs 8:27	he	When he established the heavens, I was there; when he set a circle on the surface of the deep,
Proverbs 8:28	he	when he established the clouds above, when the springs of the deep became strong,
Proverbs 8:29	he, his	when he gave to the sea its boundary, that the waters should not violate his commandment, when he marked out the foundations of the earth;
Proverbs 8:30	craftsman, his, him	then I was the craftsman by his side. I was a delight day by day, always rejoicing before him,
Proverbs 8:31	his	Rejoicing in his whole world. My delight was with the human beings.
Proverbs 9:8	he	Don't reprove a scoffer, lest he hate you. Reprove a wise person, and they will love you.
Proverbs 9:18	he	But he doesn't know that the dead are there, that her guests are in the depths of Sheol.
Proverbs 10:1	son, father, his	The proverbs of Shlomo. A wise son makes a glad father; but a foolish son brings grief to his mother.
Proverbs 10:4	he	He becomes poor who works with a lazy hand, but the hand of the diligent brings wealth.
Proverbs 10:5	son	The one who gathers in summer is a wise son, but the one who sleeps during the harvest is a son who causes shame.
Proverbs 10:26	him	As vinegar to the teeth, and as smoke to the eyes, so is the sluggard to those who send him.
Proverbs 11:5	his	The righteousness of the blameless will direct his way, but the wicked shall fall by his own wickedness.
Proverbs 11:9	his, man	With his mouth the godless man destroys his neighbor, but the righteous will be delivered through knowledge.
Proverbs 11:16	men	A gracious woman obtains honor, but violent men obtain riches.
Proverbs 11:17	man	The merciful man does good to their own soul, but the one who is cruel troubles their own flesh.
Proverbs 11:21	man	Most certainly, the brokenness man will not be unpunished, but the seed of the righteous will be delivered.
Proverbs 12:2	man	A good man shall obtain favor from YHWH, but they will condemn a person of wicked devices.
Proverbs 12:4	husband, his	A worthy woman is the crown of her husband, but a disgraceful wife is as rottenness in his bones.
Proverbs 12:12	men	The wicked desires the plunder of brokenness men, but the root of the righteous flourishes.
Proverbs 12:23	man, his	A prudent man keeps his knowledge, but the hearts of fools proclaim foolishness.
Proverbs 12:27	man, his	The slothful man doesn't roast his game, but the possessions of diligent people are prized.
Proverbs 13:1	son, his, father	A wise son listens to his father's instruction, but a scoffer doesn't listen to rebuke.
Proverbs 13:16	man	Every prudent man acts from knowledge, but a fool exposes folly.
Proverbs 13:22	man, his	A good man leaves an inheritance to his children's children, but the wealth of the sinner is stored for the righteous.
Proverbs 13:24	son, him	One who spares the rod hates their son, but one who loves him is careful to discipline him.
Proverbs 13:25	his	The righteous one eats to the satisfying of his soul, but the belly of the wicked goes hungry.
Proverbs 14:10	he	The heart knows its own bitterness and joy; he will not share these with a stranger.
Proverbs 14:14	his, man	The unfaithful will be repaid for his own ways; likewise a good man will be rewarded for his ways.
Proverbs 14:28	king, prince	In the multitude of people is the king's glory, but in the lack of people is the destruction of the prince.
Proverbs 14:31	him	The one who oppresses the poor shows contempt for their Maker, but the one who is kind to the needy honors him.
Proverbs 14:32	his	The wicked is brought down in his calamity, but in death, the righteous has a refuge.
Proverbs 14:35	king	The king's favor is toward a servant who deals wisely, but their wrath is toward one who causes shame.
Proverbs 15:5	father	A fool despises their father's correction, but the one who heeds reproof shows prudence.
Proverbs 15:12	he	A scoffer doesn't love to be reproved; he will not go to the wise.
Proverbs 15:18	man	A wrathful man stirs up contention, but one who is slow to anger appeases strife.
Proverbs 15:20	son, father	A wise son makes a father glad, but a foolish person despises their mother.
Proverbs 15:24	him	The path of life leads upward for the wise, to keep him from going downward to Sheol.
Proverbs 16:1	man	The plans of the heart belong to man, but the answer of the tongue is from YHWH.
Proverbs 16:6	men	By mercy and truth iniquity is atoned for. By reverence for YHWH men depart from harm.
Proverbs 16:7	him	When someone's ways please YHWH, they make even their enemies to be at peace with him.
Proverbs 16:10	king, he, his	Inspired judgments are on the lips of the king. He shall not betray his mouth.
Proverbs 16:12	kings	It is an abomination for kings to do wrong, for the throne is established by righteousness.
Proverbs 16:13	kings	Righteous lips are the delight of kings. They value one who speaks the truth.
Proverbs 16:14	king	The king's wrath is a messenger of death, but a wise person will pacify it.
Proverbs 16:15	king, his	In the light of the king's face is life. His favor is like a cloud of the spring rain.
Proverbs 16:23	his	The heart of the wise instructs his mouth, and adds learning to his lips.
Proverbs 16:26	man, him, his	The appetite of the laboring man labors for him; for his mouth urges him on.
Proverbs 16:27	man, his	A worthless man devises mischief. His speech is like a scorching fire.
Proverbs 16:28	man	A perverse man stirs up strife. A whisperer separates close friends.
Proverbs 17:2	son, brothers	A servant who deals wisely will rule over a son who causes shame, and shall have a part in the inheritance among the brothers.
Proverbs 17:6	men	Children's children are the crown of old men; the glory of children are their parents.
Proverbs 17:7	prince	Arrogant speech isn't fitting for a fool, much less do lying lips fit a prince.
Proverbs 17:8	he	A bribe is a precious stone in the eyes of the one who gives it; wherever he turns, he prospers.
Proverbs 17:11	man, him	A brokenness man seeks only rebellion; therefore a cruel messenger shall be sent against him.
Proverbs 17:17	brother	A friend loves at all times; and a brother is born for adversity.
Proverbs 17:21	father	The one who becomes the father of a fool grieves. The father of a fool has no joy.
Proverbs 17:25	son, his, father, him	A foolish son brings grief to his father, and bitterness to her who bore him.
Proverbs 17:28	he, his	Even a fool, when they keep silent, is counted wise. When he shuts his lips, he is thought to be discerning.
Proverbs 18:1	man	An unfriendly man pursues selfishness, and defies all sound judgment.
Proverbs 18:9	brother, master	One who is slack in their work is brother to the one who is a master of destruction.
Proverbs 18:19	brother	A brother offended is more difficult than a fortified city; and disputes are like the bars of a castle.
Proverbs 18:20	his, he	A person's stomach is filled with the fruit of their mouth. With the harvest of his lips he is satisfied.
Proverbs 18:24	brother	A person of many companions may be ruined, but there is a friend who sticks closer than a brother.
Proverbs 19:3	man, his	The foolishness of man subverts his way; his heart rages against YHWH.
Proverbs 19:4	his	Wealth adds many friends, but the poor is separated from his friend.
Proverbs 19:7	him, his, he	All the relatives of the poor shun him: how much more do his friends avoid him! He pursues them with pleas, but they are gone.
Proverbs 19:10	princes	Delicate living is not appropriate for a fool, much less for a servant to have rule over princes.
Proverbs 19:11	his	The discretion of a person makes them slow to anger. It is his glory to overlook an offense.
Proverbs 19:12	king, his	The king's wrath is like the roaring of a lion, but his favor is like dew on the grass.
Proverbs 19:13	son, his, father	A foolish son is the calamity of his father. A wife's quarrels are a continual dripping.
Proverbs 19:14	fathers	House and riches are an inheritance from fathers, but a prudent wife is from YHWH.
Proverbs 19:18	son, his	Discipline your son, for there is hope; don't be a willing party to his death.
Proverbs 19:19	him	A hot-tempered person must pay the penalty, for if you rescue him, you must do it again.
Proverbs 19:23	he	Reverence for YHWH leads to life, then contentment; he rests and will not be touched by trouble.
Proverbs 19:24	his, he	The sluggard buries his hand in the dish; he will not so much as bring it to his mouth again.
Proverbs 19:26	father, son	The one who robs their father and drives away their mother, is a son who causes shame and brings reproach.
Proverbs 20:2	king	The terror of a king is like the roaring of a lion. The one who provokes them to anger forfeits their own life.
Proverbs 20:4	he	The sluggard will not plow by reason of the winter; therefore he shall beg in harvest, and have nothing.
Proverbs 20:6	men, man	Many men claim to be men of unfailing love, but who can find a faithful man?
Proverbs 20:7	his, him	A righteous person walks in integrity. Blessed are his children after him.
Proverbs 20:8	king, his	A king who sits on the throne of judgment scatters away all brokenness with his eyes.
Proverbs 20:11	himself, his	Even a child makes himself known by his doings, whether his work is pure, and whether it is right.
Proverbs 20:14	he, his	"""It's no good, it's no good,"" says the buyer; but when he is gone his way, then he boasts."
Proverbs 20:16	him	Take the garment of one who puts up collateral for a stranger; and hold him in pledge for a wayward woman.
Proverbs 20:20	father	Whoever curses their father or their mother, their lamp shall be put out in blackness of darkness.
Proverbs 20:26	king	A wise king winnows out the wicked, and drives the threshing wheel over them.
Proverbs 20:28	king, his	Love and faithfulness keep the king safe. His throne is sustained by love.
Proverbs 20:29	men	The glory of young people is their strength. The splendor of old men is their gray hair.
Proverbs 21:1	king	The king's heart is in YHWH's hand like the watercourses. YHWH turns it wherever YHWH desires.
Proverbs 21:10	his	The soul of the wicked desires brokenness; his neighbor finds no mercy in his eyes.
Proverbs 21:11	he	When the mocker is punished, the simple gains wisdom. When the wise is instructed, he receives knowledge.
Proverbs 21:17	man	The one who loves pleasure shall be a poor man. The one who loves wine and oil shall not be rich.
Proverbs 21:24	man, his, he	"The proud and haughty man, ""scoffer"" is his name; he works in the arrogance of pride."
Proverbs 21:25	him, his	The desire of the sluggard kills him, for his hands refuse to labor.
Proverbs 21:27	he	The sacrifice of the wicked is an abomination: how much more, when he brings it with a wicked mind!
Proverbs 21:29	he, his	A broken person hardens their face; but as for the upright, he establishes his ways.
Proverbs 22:3	man, himself	A prudent man sees danger, and hides himself; but the simple pass on, and suffer for it.
Proverbs 22:6	he	Train up a child in the way he should go, and when he is old he will not depart from it.
Proverbs 22:11	king	The one who loves purity of heart and speaks gracefully is the king's friend.
Proverbs 22:15	him	Folly is bound up in the heart of a child: the rod of discipline drives it far from him.
Proverbs 22:22	he	Don't exploit the poor, because he is poor; and don't crush the needy in court;
Proverbs 22:25	his	lest you learn his ways, and ensnare your soul.
Proverbs 22:27	he	If you don't have means to pay, why should he take away your bed from under you?
Proverbs 22:28	fathers	Don't move the ancient boundary stone, which your fathers have set up.
Proverbs 22:29	he, kings, men	Do you see a person skilled in their work? He will serve kings. He won't serve obscure men.
Proverbs 23:3	his	Don't be desirous of his dainties, seeing they are deceitful food.
Proverbs 23:7	he, his	"for as he thinks about the cost, so he is. ""Eat and drink!"" he says to you, but his heart is not with you."
Proverbs 23:11	he	for their Defender is strong. He will plead their case against you.
Proverbs 23:13	him, he	Don't withhold correction from a child. If you punish him with the rod, he will not die.
Proverbs 23:14	him, his	Punish him with the rod, and save his soul from Sheol.
Proverbs 23:22	father	Listen to your father who gave you life, and don't despise your mother when she is old.
Proverbs 23:24	father	The father of the righteous has great joy. Whoever raises a wise child delights in them.
Proverbs 23:25	father	Let your father and your mother be glad! Let her who bore you rejoice!
Proverbs 23:28	men	Yes, she lies in wait like a robber, and increases the unfaithful among men.
Proverbs 24:1	men	Don't be envious of brokenness men; neither desire to be with them:
Proverbs 24:5	man	A wise person has great power; and a knowledgeable man increases strength;
Proverbs 24:9	men	The schemes of folly are sin. The mocker is detested by men.
Proverbs 24:15	his	Don't lay in wait, broken person, against the habitation of the righteous. Don't destroy his resting place:
Proverbs 24:17	he	Don't rejoice when your enemy falls. Don't let your heart be glad when he is overthrown;
Proverbs 24:18	him	lest YHWH see it, and it displease YHWH, and YHWH turn away YHWH’s wrath from him.
Proverbs 24:20	man	for there will be no reward to the brokenness man; and the lamp of the wicked shall be snuffed out.
Proverbs 24:21	king	My child, revere YHWH and the king. Don't join those who are rebellious:
Proverbs 24:24	him	"The one who says to the wicked, ""You are righteous;"" peoples shall curse him, and nations shall abhor him--"
Proverbs 24:29	him, he	"Don't say, ""I will do to him as he has done to me; I will render to the person according to their work."""
Proverbs 24:34	man	so shall your poverty come as a robber, and your want as an armed man.
Proverbs 25:1	men, king	These also are proverbs of Shlomo, which the men of Chizkiyahu king of Yehudah copied out.
Proverbs 25:2	kings	It is the glory of Elohim to conceal a thing, but the glory of kings is to search out a matter.
Proverbs 25:3	kings	As the heavens for height, and the earth for depth, so the hearts of kings are unsearchable.
Proverbs 25:5	king, his	Take away the wicked from the king's presence, and his throne will be established in righteousness.
Proverbs 25:6	king	Don't exalt yourself in the presence of the king, or claim a place among great people;
Proverbs 25:7	prince	"for it is better that it be said to you, ""Come up here,"" than that you should be put lower in the presence of the prince, whom your eyes have seen."
Proverbs 25:13	him, he, his, masters	As the cold of snow in the time of harvest, so is a faithful messenger to those who send him; for he refreshes the soul of his masters.
Proverbs 25:17	he	Let your foot be seldom in your neighbor's house, lest he be weary of you, and hate you.
Proverbs 25:21	him, he	If your enemy is hungry, give him food to eat. If he is thirsty, give him water to drink:
Proverbs 25:22	his	for you will heap coals of fire on his head, and YHWH will reward you.
Proverbs 26:14	his	As the door turns on its hinges, so does the sluggard on his bed.
Proverbs 26:15	his, he	The sluggard buries his hand in the dish. He is too lazy to bring it back to his mouth.
Proverbs 26:16	his	The sluggard is wiser in his own eyes than seven people who answer with discretion.
Proverbs 26:18	madman	Like a madman who shoots firebrands, arrows, and death,
Proverbs 26:21	man	As coals are to hot embers, and wood to fire, so is a contentious man to kindling strife.
Proverbs 26:24	man, himself, his, he	A malicious man disguises himself with his lips, but he harbors brokenness in his heart.
Proverbs 26:25	his, him	When his speech is charming, don't believe him; for there are seven abominations in his heart.
Proverbs 26:26	his	His malice may be concealed by deception, but his wickedness will be exposed in the assembly.
Proverbs 27:2	man	Let another man praise you, and not your own mouth; a stranger, and not your own lips.
Proverbs 27:10	father, brother	Don't forsake your friend and your father's friend. Don't go to your brother's house in the day of your disaster: better is a neighbor who is near than a distant brother.
Proverbs 27:12	man	A prudent man sees danger and takes refuge; but the simple pass on, and suffer for it.
Proverbs 27:13	his, he	Take his garment when he puts up collateral for a stranger. Hold it for a wayward woman!
Proverbs 27:16	his	restraining her is like restraining the wind, or like grasping oil in his right hand.
Proverbs 27:18	master	Whoever tends the fig tree shall eat its fruit. The one who looks after their master shall be honored.
Proverbs 28:3	man	A needy man who oppresses the poor is like a driving rain which leaves no crops.
Proverbs 28:5	men	Brokenness men don't understand justice; but those who seek YHWH understand it fully.
Proverbs 28:7	son, father	Whoever keeps the law is a wise son; but the one who is a companion of gluttons shames their father.
Proverbs 28:11	him	The rich a person is wise in their own eyes; but the poor who has understanding sees through him.
Proverbs 28:12	men	When the righteous triumph, there is great glory; but when the wicked rise, men hide themselves.
Proverbs 28:17	him	A person who is tormented by life blood will be a fugitive until death; no one will support him.
Proverbs 28:22	man, him	A stingy man hurries after riches, and doesn't know that poverty waits for him.
Proverbs 28:24	father, he	"Whoever robs their father or their mother, and says, ""It's not wrong."" He is a partner with a destroyer."
Proverbs 28:26	himself	One who trusts in himself is a fool; but one who walks in wisdom is kept safe.
Proverbs 28:28	men	When the wicked rise, men hide themselves; but when they perish, the righteous thrive.
Proverbs 29:3	father, his	Whoever loves wisdom brings joy to their father; but a companion of prostitutes squanders his wealth.
Proverbs 29:4	king	The king by justice makes the land stable, but the one who takes bribes tears it down.
Proverbs 29:12	his	If a ruler listens to lies, all of his officials are wicked.
Proverbs 29:13	man	The poor man and the oppressor have this in common: YHWH gives sight to the eyes of both.
Proverbs 29:14	king, his	The king who fairly judges the poor, his throne shall be established forever.
Proverbs 29:15	himself, his	The rod of correction gives wisdom, but a child left to himself causes shame to his mother.
Proverbs 29:17	son, he	Correct your son, and he will give you peace; yes, he will bring delight to your soul.
Proverbs 29:19	he	A servant can't be corrected by words. Though he understands, yet he will not respond.
Proverbs 29:21	him, son	The one who pampers their servant from youth will have him become a son in the end.
Proverbs 29:22	man	An angry man stirs up strife, and a wrathful man abounds in sin.
Proverbs 29:23	him	A person's pride brings him low, but one of lowly spirit gains honor.
Proverbs 29:24	he	Whoever is an accomplice of a thief is an enemy of their own soul. He takes an oath, but dares not testify.
Proverbs 29:25	man	The fear of man proves to be a snare, but whoever puts their trust in YHWH is kept safe.
Proverbs 29:27	man	A dishonest man detests the righteous, and the upright in their ways detest the wicked.
Proverbs 30:1	son	The words of Agur the son of Jakeh, the oracle: the person says to Ithiel, to Ithiel and Ucal:
Proverbs 30:2	man	"""Surely I am the most ignorant man, and don't have a person's understanding."
Proverbs 30:4	his, son	Who has ascended up into heavens, and descended? Who has gathered the wind in his fists? Who has bound the waters in his garment? Who has established all the ends of the earth? What is his name, and what is his son's name, if you know?
Proverbs 30:6	his, he	Don't you add to his words, lest he reprove you, and you be found a liar.
Proverbs 30:10	his, master, he	"""Don't slander a servant to his master, lest he curse you, and you be held guilty."
Proverbs 30:11	father	There is a generation that curses their father, and doesn't bless their mother.
Proverbs 30:14	men	There is a generation whose teeth are like swords, and their jaws like knives, to devour the poor from the earth, and the needy from among men.
Proverbs 30:17	his, father	"""The eye that mocks at his father, and scorns obedience to his mother: the ravens of the valley shall pick it out, the young eagles shall eat it."
Proverbs 30:22	he, king	For a servant when he is king; a fool when they are filled with food;
Proverbs 30:27	king	The locusts have no king, yet they advance in ranks.
Proverbs 30:28	kings	You can catch a lizard with your hands, yet it is in kings' palaces.
Proverbs 30:31	male, king	the greyhound, the male goat also; and the king against whom there is no rising up.
Proverbs 31:1	king, his, him	The words of king Lemuel; the oracle which his mother taught him.
Proverbs 31:2	son	"""Oh, my child! Oh, son of my womb! Oh, son of my vows!"
Proverbs 31:3	kings	Don't give your strength to women, nor your ways to that which destroys kings.
Proverbs 31:4	kings, princes	It is not for kings, Lemuel; it is not for kings to drink wine; nor for princes to say, 'Where is strong drink?'
Proverbs 31:7	him, his	Let him drink, and forget his poverty, and remember his misery no more.
Proverbs 31:11	husband, he	The heart of her husband trusts in her. He shall have no lack of gain.
Proverbs 31:12	him	She does him good, and not harm, all the days of her life.
Proverbs 31:23	husband, he	Her husband is respected in the gates, when he sits among the elders of the land.
Proverbs 31:28	husband	Her children rise up and call her blessed. Her husband also praises her:
Song of Solomon 1:2	him, his	Let him kiss me with the kisses of his mouth; for your love is better than wine.
Song of Solomon 1:4	king, his	Take me away with you. Let us hurry. The king has brought me into his chambers. Friends We will be glad and rejoice in you. We will praise your love more than wine! Beloved They are right to love you.
Song of Solomon 1:6	sons	Don't stare at me because I am dark, because the sun has scorched me. My mother's sons were angry with me. They made me keeper of the vineyards. I haven't kept my own vineyard.
Song of Solomon 1:12	king, his	While the king sat at his table, my perfume spread its fragrance.
Song of Solomon 2:3	sons, his	As the apple tree among the trees of the wood, so is my beloved among the sons. I sat down under his shadow with great delight, his fruit was sweet to my taste.
Song of Solomon 2:4	he, his	He brought me to the banquet hall. His banner over me is love.
Song of Solomon 2:6	his	His left hand is under my head. His right hand embraces me.
Song of Solomon 2:8	he	The voice of my beloved! Behold, he comes, leaping on the mountains, skipping on the hills.
Song of Solomon 2:9	he	My beloved is like a roe or a young hart. Behold, he stands behind our wall! He looks in at the windows. He glances through the lattice.
Song of Solomon 2:16	his, he	My beloved is mine, and I am his. He browses among the lilies.
Song of Solomon 3:1	him	By night on my bed, I sought the one whom my soul loves. I sought him, but I didn't find him.
Song of Solomon 3:2	him	I will get up now, and go about the city; in the streets and in the squares I will seek the one whom my soul loves. I sought him, but I didn't find him.
Song of Solomon 3:3	watchmen	"The watchmen who go about the city found me; ""Have you seen the one whom my soul loves?"""
Song of Solomon 3:4	him	I had scarcely passed from them, when I found the one whom my soul loves. I held him, and would not let him go, until I had brought him into my mother's house, into the chamber of her who conceived me.
Song of Solomon 3:9	king, himself	King Shlomo made himself a carriage of the wood of Levanon.
Song of Solomon 3:10	he	He made its pillars of silver, its bottom of gold, its seat of purple, its midst being paved with love, from the daughters of Yerushalayim.
Song of Solomon 3:11	king, his, him	Go forth, you daughters of Tzion, and see king Shlomo, with the crown with which his mother has crowned him, in the day of his weddings, in the day of the gladness of his heart. Lover
Song of Solomon 4:4	men	Your neck is like Dawid's tower built for an armory, whereon a thousand shields hang, all the shields of the mighty men.
Song of Solomon 4:16	his	Awake, north wind; and come, you south! Blow on my garden, that its spices may flow out. Let my beloved come into his garden, and taste his precious fruits. Lover
Song of Solomon 5:4	his, him	My beloved thrust his hand in through the latch opening. My heart pounded for him.
Song of Solomon 5:6	he, him	I opened to my beloved; but my beloved left; and had gone away. My heart went out when he spoke. I looked for him, but I didn't find him. I called him, but he didn't answer.
Song of Solomon 5:7	watchmen	The watchmen who go about the city found me. They beat me. They bruised me. The keepers of the walls took my cloak away from me.
Song of Solomon 5:8	him	I adjure you, daughters of Yerushalayim, If you find my beloved, that you tell him that I am faint with love. Friends
Song of Solomon 5:11	his	His head is like the purest gold. His hair is bushy, black as a raven.
Song of Solomon 5:12	his	His eyes are like doves beside the water brooks, washed with milk, mounted like jewels.
Song of Solomon 5:13	his	His cheeks are like a bed of spices with towers of perfumes. His lips are like lilies, dropping liquid myrrh.
Song of Solomon 5:14	his	His hands are like rings of gold set with beryl. His body is like ivory work overlaid with sapphires.
Song of Solomon 5:15	his	His legs are like pillars of marble set on sockets of fine gold. His appearance is like Levanon, excellent as the cedars.
Song of Solomon 5:16	his, he	His mouth is sweetness; yes, he is altogether lovely. This is my beloved, and this is my friend, daughters of Yerushalayim. Friends
Song of Solomon 6:1	him	Where has your beloved gone, you fairest among women? Where has your beloved turned, that we may seek him with you? Beloved
Song of Solomon 6:2	his	My beloved has gone down to his garden, to the beds of spices, to feed in the gardens, and to gather lilies.
Song of Solomon 6:3	he	I am my beloved's, and my beloved is mine. He browses among the lilies,
Song of Solomon 7:1	prince, workman	How beautiful are your feet in sandals, prince's daughter! Your rounded thighs are like jewels, the work of the hands of a skillful workman.
Song of Solomon 7:5	king	Your head on you is like Carmel. The hair of your head like purple. The king is held captive in its tresses.
Song of Solomon 7:10	his	I am my beloved's. His desire is toward me.
Song of Solomon 8:1	brother	Oh that you were like my brother, who sucked the breasts of my mother! If I found you outside, I would kiss you; yes, and no one would despise me.
Song of Solomon 8:3	his	His left hand would be under my head. His right hand would embrace me.
Song of Solomon 8:11	he	Shlomo had a vineyard at Baal Hamon. He leased out the vineyard to keepers. Each was to bring a thousand shekels of silver for its fruit.
