reference	testament	book	chapter	verse	matched_terms	current_text
Genesis 2:9	OT	Genesis	2	9	evil	Out of the ground YHWH Elohim made every tree to grow that is pleasant to the sight, and good for food, including the tree of life in the middle of the garden and the tree of the knowledge of good and evil.
Genesis 2:17	OT	Genesis	2	17	evil	but you shall not eat of the tree of the knowledge of good and evil; for in the day that you eat of it, you will surely die.”
Genesis 3:5	OT	Genesis	3	5	evil	for Elohim knows that in the day you eat it, your eyes will be opened, and you will be like Elohim, knowing good and evil.”
Genesis 3:22	OT	Genesis	3	22	evil	YHWH Elohim said, “Look, the man has become like one of us, knowing good and evil. Now, lest the man reach out a hand, and also take of the tree of life, and eat, and live forever—”
Genesis 6:5	OT	Genesis	6	5	evil	YHWH saw that human wickedness was great in the earth, and that every imagination of the thoughts of the human heart was continually only evil.
Genesis 8:21	OT	Genesis	8	21	evil	YHWH smelled the pleasant aroma. YHWH said in YHWH’s heart, “I will not again curse the ground any more for humanity’s sake because the imagination of the human heart inclines toward evil from youth. I will never again strike every living thing, as I have done.
Genesis 17:14	OT	Genesis	17	14	broken	The uncircumcised male who is not circumcised in the flesh of his foreskin, that being shall be cut off from his people. He has broken my covenant.”
Genesis 44:4	OT	Genesis	44	4	evil	When they had gone out of the city, and were not yet far off, Yosef said to his steward, “Up, follow after the men. When you overtake them, ask them, ‘Why have you rewarded evil for good?
Exodus 32:25	OT	Exodus	32	25	broken	When Moshe saw that the people had broken loose, (for Aharon had let them loose for a derision among their enemies),
Leviticus 6:28	OT	Leviticus	6	28	broken	But the earthen vessel in which it is boiled shall be broken; and if it is boiled in a bronze vessel, it shall be scoured, and rinsed in water.
Leviticus 11:35	OT	Leviticus	11	35	broken	Everything whereupon part of their carcass falls shall be unclean; whether oven, or range for pots, it shall be broken in pieces: they are unclean, and shall be unclean to you.
Leviticus 13:20	OT	Leviticus	13	20	broken	and the priest shall examine it; and behold, if the appearance of it is lower than the skin, and the hair of it has turned white, then the priest shall pronounce him unclean. It is the plague of leprosy. It has broken out in the boil.
Leviticus 13:25	OT	Leviticus	13	25	broken	then the priest shall examine it; and behold, if the hair in the bright spot has turned white, and the appearance of it is deeper than the skin; it is leprosy. It has broken out in the burning, and the priest shall pronounce him unclean. It is the plague of leprosy.
Leviticus 13:39	OT	Leviticus	13	39	broken	then the priest shall examine them; and behold, if the bright spots on the skin of their body are a dull white, it is a harmless rash, it has broken out in the skin; he is clean.
Leviticus 15:12	OT	Leviticus	15	12	broken	"""'The earthen vessel, which the one who has the discharge touches, shall be broken; and every vessel of wood shall be rinsed in water."
Leviticus 22:24	OT	Leviticus	22	24	broken	That which has its testicles bruised, crushed, broken, or cut, you shall not offer to YHWH; neither shall you do thus in your land.
Leviticus 26:13	OT	Leviticus	26	13	broken	I am YHWH your God, who brought you forth out of the land of Mitzrayim, that you should not be their slaves; and I have broken the bars of your yoke, and made you go upright.
Numbers 11:1	OT	Numbers	11	1	evil	The people were as murmurers, [speaking] evil in the ears of YHWH: and when YHWH heard it, YHWH’s anger was kindled; and the fire of YHWH burnt among them, and devoured in the uttermost part of the camp.
Numbers 15:31	OT	Numbers	15	31	broken	Because he has despised the word of YHWH, and has broken his commandment, that soul shall utterly be cut off; his iniquity shall be on him.
Deuteronomy 1:35	OT	Deuteronomy	1	35	broken	Surely there shall not one of these men of this broken generation see the good land, which I swore to give to your fathers,
Deuteronomy 1:39	OT	Deuteronomy	1	39	evil	Moreover your little ones, whom you said should be a prey, and your children, who this day have no knowledge of good or evil, they shall go in there, and to them will I give it, and they shall possess it.
Deuteronomy 9:18	OT	Deuteronomy	9	18	broken	I fell down before YHWH, as at the first, forty days and forty nights; I did neither eat bread nor drink water; because of all your sin which you sinned, in doing what was broken in the sight of YHWH, to provoke him to anger.
Deuteronomy 13:5	OT	Deuteronomy	13	5	evil	That prophet, or that dreamer of dreams, shall be put to death, because he has spoken rebellion against YHWH your God, who brought you out of the land of Mitzrayim, and redeemed you out of the house of bondage, to draw you aside out of the way which YHWH your God commanded you to walk in. So shall you put away the evil from the midst of you.
Deuteronomy 17:1	OT	Deuteronomy	17	1	evil	You shall not sacrifice to YHWH your God an ox, or a sheep, in which is a blemish, [or] anything evil; for that is an abomination to YHWH your God.
Deuteronomy 17:5	OT	Deuteronomy	17	5	broken	then shall you bring forth that man or that woman, who has done this broken thing, to your gates, even the person or the woman; and you shall stone them to death with stones.
Deuteronomy 17:7	OT	Deuteronomy	17	7	evil	The hand of the witnesses shall be first on him to put him to death, and afterward the hand of all the people. So you shall put away the evil from the midst of you.
Deuteronomy 17:12	OT	Deuteronomy	17	12	evil	The one who does presumptuously, in not listening to the priest who stands to minister there before YHWH your God, or to the judge, even that man shall die: and you shall put away the evil from Israel.
Deuteronomy 19:19	OT	Deuteronomy	19	19	evil	then shall you do to him, as he had thought to do to his brother: so shall you put away the evil from the midst of you.
Deuteronomy 19:20	OT	Deuteronomy	19	20	evil	Those who remain shall hear, and fear, and shall henceforth commit no more any such evil in the midst of you.
Deuteronomy 21:6	OT	Deuteronomy	21	6	broken	All the elders of that city, who are nearest to the slain man, shall wash their hands over the heifer whose neck was broken in the valley;
Deuteronomy 21:21	OT	Deuteronomy	21	21	evil	All the men of his city shall stone him to death with stones: so shall you put away the evil from the midst of you; and all Israel shall hear, and fear.
Deuteronomy 22:21	OT	Deuteronomy	22	21	evil	then they shall bring out the young lady to the door of her father's house, and the men of her city shall stone her to death with stones, because she has done folly in Israel, to play the prostitute in her father's house: so shall you put away the evil from the midst of you.
Deuteronomy 22:22	OT	Deuteronomy	22	22	evil	If someone be found lying with a woman married to a husband, then they shall both of them die, the one who lay with the woman, and the woman: so shall you put away the evil from Israel.
Deuteronomy 22:24	OT	Deuteronomy	22	24	evil	then you shall bring them both out to the gate of that city, and you shall stone them to death with stones; the lady, because she didn't cry, being in the city; and the person, because they have humbled their neighbor's wife: so you shall put away the evil from the midst of you.
Deuteronomy 23:9	OT	Deuteronomy	23	9	broken	When you go forth in camp against your enemies, then you shall keep you from every broken thing.
Deuteronomy 24:7	OT	Deuteronomy	24	7	evil	If someone be found stealing any of their brothers of the children of Israel, and they deal with them as a slave, or sell them; then that thief shall die: so shall you put away the evil from the midst of you.
Deuteronomy 30:15	OT	Deuteronomy	30	15	evil	Behold, I have set before you this day life and good, and death and evil;
Deuteronomy 31:18	OT	Deuteronomy	31	18	evil	I will surely hide my face in that day for all the evil which they shall have worked, in that they are turned to other gods.
Joshua 23:15	OT	Joshua	23	15	broken	It shall happen, that as all the good things are come on you of which YHWH your God spoke to you, so will YHWH bring on you all the broken things, until YHWH have destroyed you from off this good land which YHWH your God has given you.
Judges 2:11	OT	Judges	2	11	broken	The children of Israel did what was broken in the sight of YHWH, and served the Baals;
Judges 3:7	OT	Judges	3	7	broken	The children of Israel did what was broken in the sight of YHWH, and forgot YHWH their God, and served the Baals and the Asheroth.
Judges 3:12	OT	Judges	3	12	broken	The children of Israel again did what was broken in the sight of YHWH: and YHWH strengthened Eglon the king of Moab against Israel, because they had done what was broken in the sight of YHWH.
Judges 4:1	OT	Judges	4	1	broken	The children of Israel again did what was broken in the sight of YHWH, when Ehud was dead.
Judges 6:1	OT	Judges	6	1	broken	The children of Israel did what was broken in the sight of YHWH: and YHWH delivered them into the hand of Midian seven years.
Judges 6:28	OT	Judges	6	28	broken	When the men of the city arose early in the morning, behold, the altar of Baal was broken down, and the Asherah was cut down that was by it, and the second bull was offered on the altar that was built.
Judges 6:30	OT	Judges	6	30	broken	Then the men of the city said to Yoash, Bring out your son, that he may die, because he has broken down the altar of Baal, and because he has cut down the Asherah that was by it.
Judges 6:31	OT	Judges	6	31	broken	Yoash said to all who stood against him, Will you contend for Baal? Or will you save him? the one who will contend for them, let him be put to death while [it is yet] morning: if they be a god, let him contend for themselves, because one has broken down their altar.
Judges 6:32	OT	Judges	6	32	broken	Therefore on that day he named him Jerubbaal, saying, Let Baal contend against him, because he has broken down his altar.
Judges 10:6	OT	Judges	10	6	broken	The children of Israel again did what was broken in the sight of YHWH, and served the Baals, and the Ashtaroth, and the gods of Aram, and the gods of Tzidon, and the gods of Moab, and the gods of the children of Ammon, and the gods of the Philistines; and they forsook YHWH, and didn't serve him.
Judges 13:1	OT	Judges	13	1	broken	The children of Israel again did what was broken in the sight of YHWH; and YHWH delivered them into the hand of the Philistines forty years.
Judges 16:9	OT	Judges	16	9	broken	"Now she had an ambush waiting in the inner chamber. She said to him, ""The Philistines are on you, Shimshon!"" He broke the cords, as a string of tow is broken when it touches the fire. So his strength was not known."
Judges 20:13	OT	Judges	20	13	evil	Now therefore deliver up the men, the base fellows, who are in Gibeah, that we may put them to death, and put away evil from Israel. But Binyamin would not listen to the voice of their brothers the children of Israel.
1 Samuel 2:4	OT	1 Samuel	2	4	broken	The bows of the mighty people are broken. Those who stumbled are girded with strength.
1 Samuel 2:10	OT	1 Samuel	2	10	broken	Those who strive with YHWH shall be broken to pieces. YHWH will thunder against them in the heavens. YHWH will judge the ends of the earth. YHWH will give strength to YHWH’s king, and exalt the horn of YHWH’s anointed.
1 Samuel 2:23	OT	1 Samuel	2	23	broken	He said to them, Why do you such things? for I hear of your broken dealings from all this people.
1 Samuel 6:9	OT	1 Samuel	6	9	evil	"Behold; if it goes up by the way of its own border to Beit Shemesh, then he has done us this great evil: but if not, then we shall know that it is not his hand that struck us; it was a chance that happened to us."""
1 Samuel 12:19	OT	1 Samuel	12	19	evil	All the people said to Shmuel, Pray for your servants to YHWH your God, that we not die; for we have added to all our sins [this] evil, to ask us a king.
1 Samuel 12:20	OT	1 Samuel	12	20	evil	"Shmuel said to the people, ""Don't be afraid; you have indeed done all this evil; yet don't turn aside from following YHWH, but serve YHWH with all your heart:"
1 Samuel 15:19	OT	1 Samuel	15	19	broken	"Why then didn't you obey the voice of YHWH, but flew on the spoil, and did what was broken in the sight of YHWH?"""
1 Samuel 24:11	OT	1 Samuel	24	11	evil	Moreover, my father, behold, yes, see the skirt of your robe in my hand; for in that I cut off the skirt of your robe, and didn't kill you, know you and see that there is neither evil nor disobedience in my hand, and I have not sinned against you, though you hunt after my life to take it.
1 Samuel 24:17	OT	1 Samuel	24	17	evil	He said to Dawid, You are more righteous than I; for you have rendered to me good, whereas I have rendered to you evil.
1 Samuel 25:21	OT	1 Samuel	25	21	evil	Now Dawid had said, Surely in vain have I kept all that this fellow has in the wilderness, so that nothing was missed of all that pertained to him: and he has returned me evil for good.
1 Samuel 25:26	OT	1 Samuel	25	26	evil	Now therefore, my lord, as YHWH lives, and as your soul lives, seeing YHWH has withheld you from blood guiltiness, and from avenging yourself with your own hand, now therefore let your enemies, and those who seek evil to my lord, be as Nabal.
2 Samuel 5:20	OT	2 Samuel	5	20	broken	Dawid came to Baal Perazim, and Dawid struck them there; and he said, YHWH has broken my enemies before me, like the breach of waters. Therefore he called the name of that place Baal Perazim.
2 Samuel 6:8	OT	2 Samuel	6	8	broken	Dawid was displeased, because YHWH had broken forth on Uzzah; and he called that place Peretz Uzzah, to this day.
2 Samuel 12:9	OT	2 Samuel	12	9	evil	Why have you despised the word of YHWH, to do that which is evil in his sight? You have struck Uriyah the Hittite with the sword, and have taken his wife to be your wife, and have slain him with the sword of the children of Ammon.
1 Kings 3:9	OT	1 Kings	3	9	evil	Give your servant therefore an understanding heart to judge your people, that I may discern between good and evil; for who is able to judge this your great people?
1 Kings 5:9	OT	1 Kings	5	9	broken	My servants shall bring them down from Levanon to the sea; and I will make them into rafts to go by sea to the place that you shall appoint me, and will cause them to be broken up there, and you shall receive them; and you shall accomplish my desire, in giving food for my household.
1 Kings 11:6	OT	1 Kings	11	6	broken	Shlomo did what was broken in the sight of YHWH, and didn't go fully after YHWH, as did Dawid his father.
1 Kings 13:33	OT	1 Kings	13	33	broken	After this thing Yerovam didn't return from their broken way, but made again from among all the people priests of the high places: whoever would, they consecrated him, that there might be priests of the high places.
1 Kings 14:22	OT	1 Kings	14	22	broken	Yehudah did what was broken in the sight of YHWH, and they provoked him to jealousy with their sins which they committed, above all that their fathers had done.
1 Kings 15:26	OT	1 Kings	15	26	broken	He did what was broken in the sight of YHWH, and walked in the way of his father, and in his sin with which he made Israel to sin.
1 Kings 15:34	OT	1 Kings	15	34	broken	He did what was broken in the sight of YHWH, and walked in the way of Yerovam, and in his sin with which he made Israel to sin.
1 Kings 16:7	OT	1 Kings	16	7	evil	Moreover by the prophet Yehu the son of Hanani came the word of YHWH against Baasha, and against his house, both because of all the evil that he did in the sight of YHWH, to provoke him to anger with the work of his hands, in being like the house of Yerovam, and because he struck him.
1 Kings 16:19	OT	1 Kings	16	19	broken	for his sins which he sinned in doing what was broken in the sight of YHWH, in walking in the way of Yerovam, and in his sin which he did, to make Israel to sin.
1 Kings 16:25	OT	1 Kings	16	25	broken	Omri did what was broken in the sight of YHWH, and dealt wickedly above all who were before him.
1 Kings 16:30	OT	1 Kings	16	30	broken	Achav the son of Omri did what was broken in the sight of YHWH above all that were before him.
1 Kings 21:25	OT	1 Kings	21	25	broken	(But there was none like Achav, who did sell himself to do what was broken in the sight of YHWH, whom Jezebel his wife stirred up.
1 Kings 22:8	OT	1 Kings	22	8	evil	"The king of Israel said to Yehoshafat, there is yet one man by whom we may inquire of YHWH, Micaiah the son of Imlah: but I hate him; for he does not prophesy good concerning me, but evil. Yehoshafat said, ""Don't let the king say so."""
1 Kings 22:18	OT	1 Kings	22	18	evil	The king of Israel said to Yehoshafat, Didn't I tell you that he would not prophesy good concerning me, but evil?
1 Kings 22:48	OT	1 Kings	22	48	broken	Yehoshafat made ships of Tarshish to go to Ophir for gold: but they didn't go; for the ships were broken at Ezion Geber.
1 Kings 22:52	OT	1 Kings	22	52	broken	He did what was broken in the sight of YHWH, and walked in the way of his father, and in the way of his mother, and in the way of Yerovam the son of Nebat, in which he made Israel to sin.
2 Kings 3:2	OT	2 Kings	3	2	broken	He did what was broken in the sight of YHWH, but not like his father, and like his mother; for he put away the pillar of Baal that his father had made.
2 Kings 8:12	OT	2 Kings	8	12	evil	Hazael said, Why weeps my lord? He answered, Because I know the evil that you will do to the children of Israel: their strongholds will you set on fire, and their young people will you kill with the sword, and will dash in pieces their little ones, and rip up their women with child.
2 Kings 8:18	OT	2 Kings	8	18	broken	He walked in the way of the kings of Israel, as did the house of Achav: for he had the daughter of Achav as wife; and he did what was broken in the sight of YHWH.
2 Kings 8:27	OT	2 Kings	8	27	broken	He walked in the way of the house of Achav, and did what was broken in the sight of YHWH, as did the house of Achav; for he was the son-in-law of the house of Achav.
2 Kings 13:2	OT	2 Kings	13	2	broken	He did what was broken in the sight of YHWH, and followed the sins of Yerovam the son of Nebat, with which he made Israel to sin; he didn't depart from it.
2 Kings 13:11	OT	2 Kings	13	11	broken	He did what was broken in the sight of YHWH; he didn't depart from all the sins of Yerovam the son of Nebat, with which he made Israel to sin; but he walked therein.
2 Kings 14:24	OT	2 Kings	14	24	broken	He did what was broken in the sight of YHWH: he didn't depart from all the sins of Yerovam the son of Nebat, with which he made Israel to sin.
2 Kings 15:9	OT	2 Kings	15	9	broken	He did what was broken in the sight of YHWH, as his fathers had done: he didn't depart from the sins of Yerovam the son of Nebat, with which he made Israel to sin.
2 Kings 15:18	OT	2 Kings	15	18	broken	He did what was broken in the sight of YHWH: he didn't depart all his days from the sins of Yerovam the son of Nebat, with which he made Israel to sin.
2 Kings 15:24	OT	2 Kings	15	24	broken	He did what was broken in the sight of YHWH: he didn't depart from the sins of Yerovam the son of Nebat, with which he made Israel to sin.
2 Kings 15:28	OT	2 Kings	15	28	broken	He did what was broken in the sight of YHWH: he didn't depart from the sins of Yerovam the son of Nebat, with which he made Israel to sin.
2 Kings 17:2	OT	2 Kings	17	2	broken	He did what was broken in the sight of YHWH, yet not as the kings of Israel who were before him.
2 Kings 17:13	OT	2 Kings	17	13	broken	Yet YHWH testified to Israel, and to Yehudah, by every prophet, and every seer, saying, Turn you from your broken ways, and keep my commandments and my statutes, according to all the law which I commanded your fathers, and which I sent to you by my servants the prophets.
2 Kings 17:17	OT	2 Kings	17	17	broken	They caused their sons and their daughters to pass through the fire, and used divination and enchantments, and sold themselves to do what was broken in the sight of YHWH, to provoke him to anger.
2 Kings 21:2	OT	2 Kings	21	2	broken	He did what was broken in the sight of YHWH, after the abominations of the nations whom YHWH cast out before the children of Israel.
2 Kings 21:9	OT	2 Kings	21	9	evil	But they didn't listen: and Menashe seduced them to do that which is evil more than did the nations whom YHWH destroyed before the children of Israel.
2 Kings 21:16	OT	2 Kings	21	16	broken	Moreover Menashe shed innocent blood very much, until he had filled Yerushalayim from one end to another; besides his sin with which he made Yehudah to sin, in doing what was broken in the sight of YHWH.
2 Kings 21:20	OT	2 Kings	21	20	broken	He did what was broken in the sight of YHWH, as did Menashe his father.
2 Kings 23:32	OT	2 Kings	23	32	broken	He did what was broken in the sight of YHWH, according to all that his fathers had done.
2 Kings 23:37	OT	2 Kings	23	37	broken	He did what was broken in the sight of YHWH, according to all that his fathers had done.
2 Kings 24:9	OT	2 Kings	24	9	broken	He did what was broken in the sight of YHWH, according to all that his father had done.
2 Kings 24:19	OT	2 Kings	24	19	broken	He did what was broken in the sight of YHWH, according to all that Jehoiakim had done.
1 Chronicles 13:11	OT	1 Chronicles	13	11	broken	Dawid was displeased, because YHWH had broken forth on Uzza; and he called that place Peretz Uzza, to this day.
1 Chronicles 14:11	OT	1 Chronicles	14	11	broken	So they came up to Baal Perazim, and Dawid struck them there; and Dawid said, Elohim has broken my enemies by my hand, like the breach of waters. Therefore they called the name of that place Baal Perazim.
2 Chronicles 7:22	OT	2 Chronicles	7	22	evil	They shall answer, Because they abandoned YHWH, the God of their fathers, who brought them forth out of the land of Mitzrayim, and laid hold on other gods, and worshiped them, and served them: therefore has he brought all this evil on them.
2 Chronicles 12:14	OT	2 Chronicles	12	14	broken	He did what was broken, because he didn't set his heart to seek YHWH.
2 Chronicles 15:6	OT	2 Chronicles	15	6	broken	They were broken in pieces, nation against nation, and city against city; for Elohim did vex them with all adversity.
2 Chronicles 18:7	OT	2 Chronicles	18	7	evil	The king of Israel said to Yehoshafat, There is yet one man by whom we may inquire of YHWH: but I hate him; for he never prophesies good concerning me, but always evil: the same is Micaiah the son of Imla. Yehoshafat said, Don't let the king say so.
2 Chronicles 18:17	OT	2 Chronicles	18	17	evil	The king of Israel said to Yehoshafat, Didn't I tell you that he would not prophesy good concerning me, but evil?
2 Chronicles 20:37	OT	2 Chronicles	20	37	broken	Then Eliezer the son of Dodavahu of Mareshah prophesied against Yehoshafat, saying, Because you have joined yourself with Ahaziah, YHWH has destroyed your works. The ships were broken, so that they were not able to go to Tarshish.
2 Chronicles 21:6	OT	2 Chronicles	21	6	broken	He walked in the way of the kings of Israel, as did the house of Achav; for he had the daughter of Achav as wife: and he did what was broken in the sight of YHWH.
2 Chronicles 22:4	OT	2 Chronicles	22	4	broken	He did what was broken in the sight of YHWH, as did the house of Achav; for they were his counselors after the death of his father, to his destruction.
2 Chronicles 24:7	OT	2 Chronicles	24	7	broken	For the sons of Athaliah, that wicked woman, had broken up the house of Elohim; and also all the dedicated things of the house of YHWH did they bestow on the Baals.
2 Chronicles 25:12	OT	2 Chronicles	25	12	broken	[other] ten thousand did the children of Yehudah carry away alive, and brought them to the top of the rock, and cast them down from the top of the rock, so that they all were broken in pieces.
2 Chronicles 29:6	OT	2 Chronicles	29	6	broken	For our fathers have trespassed, and done what was broken in the sight of YHWH our God, and have forsaken him, and have turned away their faces from the habitation of YHWH, and turned their backs.
2 Chronicles 32:5	OT	2 Chronicles	32	5	broken	He took courage, and built up all the wall that was broken down, and raised [it] up to the towers, and the other wall outside, and strengthened Millo [in] the city of Dawid, and made weapons and shields in abundance.
2 Chronicles 33:2	OT	2 Chronicles	33	2	broken	He did what was broken in the sight of YHWH, after the abominations of the nations whom YHWH cast out before the children of Israel.
2 Chronicles 33:3	OT	2 Chronicles	33	3	broken	For he built again the high places which Chizkiyahu his father had broken down; and he reared up altars for the Baals, and made Asheroth, and worshiped all the army of the heavens, and served them.
2 Chronicles 33:22	OT	2 Chronicles	33	22	broken	He did what was broken in the sight of YHWH, as did Menashe his father; and Amon sacrificed to all the engraved images which Menashe his father had made, and served them.
2 Chronicles 36:5	OT	2 Chronicles	36	5	broken	Jehoiakim was Twenty-five years old when he began to reign; and he reigned eleven years in Yerushalayim: and he did what was broken in the sight of YHWH his God.
2 Chronicles 36:9	OT	2 Chronicles	36	9	broken	Jehoiachin was eight years old when he began to reign; and he reigned three months and ten days in Yerushalayim: and he did what was broken in the sight of YHWH.
2 Chronicles 36:12	OT	2 Chronicles	36	12	broken	and he did what was broken in the sight of YHWH his God; he didn't humble himself before Yirmeyahu the prophet [speaking] from the mouth of YHWH.
Nehemiah 1:3	OT	Nehemiah	1	3	broken	They said to me, The remnant who are left of the captivity there in the province are in great affliction and reproach: the wall of Yerushalayim also is broken down, and the gates of it are burned with fire.
Nehemiah 2:13	OT	Nehemiah	2	13	broken	I went out by night by the valley gate, even toward the jackal's well, and to the dung gate, and viewed the walls of Yerushalayim, which were broken down, and the gates of it were consumed with fire.
Nehemiah 13:7	OT	Nehemiah	13	7	evil	and I came to Yerushalayim, and understood the evil that Eliashib had done for Tobiah, in preparing him a chamber in the courts of the house of Elohim.
Nehemiah 13:17	OT	Nehemiah	13	17	broken	Then I contended with the nobles of Yehudah, and said to them, What broken thing is this that you do, and profane the Sabbath day?
Nehemiah 13:27	OT	Nehemiah	13	27	evil	Shall we then listen to you to do all this great evil, to trespass against our God in marrying foreign women?
Job 4:10	OT	Job	4	10	broken	The roaring of the lion, and the voice of the fierce lion, the teeth of the young lions, are broken.
Job 15:33	OT	Job	15	33	unripe	He shall shake off his unripe grape as the vine, and shall cast off his flower as the olive tree.
Job 17:11	OT	Job	17	11	broken	My days are past, my plans are broken off, as are the thoughts of my heart.
Job 19:10	OT	Job	19	10	broken	He has broken me down on every side, and I am gone. My hope he has plucked up like a tree.
Job 22:9	OT	Job	22	9	broken	You have sent widows away empty, and the arms of the fatherless have been broken.
Job 24:20	OT	Job	24	20	broken	The womb shall forget him. The worm shall feed sweetly on him. He shall be no more remembered. Unrighteousness shall be broken as a tree.
Job 30:26	OT	Job	30	26	evil	When I looked for good, then evil came; When I waited for light, there came darkness.
Job 31:22	OT	Job	31	22	broken	then let my shoulder fall from the shoulder blade, and my arm be broken from the bone.
Job 31:29	OT	Job	31	29	evil	"""If I have rejoiced at the destruction of the one who hated me, or lifted up myself when evil found him;"
Job 38:15	OT	Job	38	15	broken	From the wicked, their light is withheld. The high arm is broken.
Psalms 3:7	OT	Psalms	3	7	broken	Arise, YHWH! Save me, my God! For you have struck all of my enemies on the cheek bone. You have broken the teeth of the wicked.
Psalms 5:4	OT	Psalms	5	4	evil	For you are not an Elohim who has pleasure in wickedness. evil can't live with you.
Psalms 7:4	OT	Psalms	7	4	evil	if I have rewarded evil to the one who was at peace with me (yes, if I have delivered the one who without cause was my adversary),
Psalms 15:3	OT	Psalms	15	3	evil	The one who doesn't slander with their tongue, nor does evil to their friend, nor casts slurs against their fellow man;
Psalms 23:4	OT	Psalms	23	4	evil	Even though I walk through the valley of the shadow of death, I will fear no evil, for you are with me. Your rod and your staff, they comfort me.
Psalms 31:12	OT	Psalms	31	12	broken	I am forgotten from their hearts like a dead man. I am like broken pottery.
Psalms 34:18	OT	Psalms	34	18	broken	YHWH is near to those who have a broken heart, and saves those who have a crushed spirit.
Psalms 34:20	OT	Psalms	34	20	broken	YHWH protects all of their bones. Not one of them is broken.
Psalms 34:21	OT	Psalms	34	21	evil	evil shall kill the wicked. Those who hate the righteous shall be condemned.
Psalms 35:12	OT	Psalms	35	12	evil	They reward me evil for good, to the bereaving of my soul.
Psalms 36:4	OT	Psalms	36	4	evil	They plot iniquity on their bed. They set themselves in a way that is not good. They don't abhor evil.
Psalms 37:8	OT	Psalms	37	8	evil	Cease from anger, and forsake wrath. Don't fret, it leads only to acting from evil.
Psalms 37:15	OT	Psalms	37	15	broken	Their sword shall enter into their own heart. Their bows shall be broken.
Psalms 37:17	OT	Psalms	37	17	broken	For the arms of the wicked shall be broken, but YHWH upholds the righteous.
Psalms 37:19	OT	Psalms	37	19	evil	They shall not be disappointed in the time of evil. In the days of famine they shall be satisfied.
Psalms 38:20	OT	Psalms	38	20	evil	They who also render evil for good are adversaries to me, because I follow what is good.
Psalms 41:1	OT	Psalms	41	1	evil	Blessed is the one who considers the poor. YHWH will deliver them in the day of evil.
Psalms 49:5	OT	Psalms	49	5	evil	Why should I fear in the days of evil, when iniquity at my heels surrounds me?
Psalms 50:19	OT	Psalms	50	19	evil	"""You give your mouth to evil. Your tongue frames deceit."
Psalms 51:4	OT	Psalms	51	4	evil	Against you, and you only, have I sinned, and done that which is evil in your sight; that you may be proved right when you speak, and justified when you judge.
Psalms 51:8	OT	Psalms	51	8	broken	Let me hear joy and gladness, That the bones which you have broken may rejoice.
Psalms 51:17	OT	Psalms	51	17	broken	The sacrifices of Elohim are a broken spirit. A broken and contrite heart, O Elohim, you will not despise.
Psalms 52:3	OT	Psalms	52	3	evil	You love evil more than good, lying rather than speaking the truth. Selah.
Psalms 54:5	OT	Psalms	54	5	evil	YHWH will repay the evil to my enemies. Destroy them in your truth.
Psalms 56:5	OT	Psalms	56	5	evil	All day long they twist my words. All their thoughts are against me for evil.
Psalms 60:1	OT	Psalms	60	1	broken	Elohim, you have rejected us. You have broken us down. You have been angry. Restore us, again.
Psalms 64:5	OT	Psalms	64	5	evil	"They encourage themselves in evil plans. They talk about laying snares secretly. They say, ""Who will see them?"""
Psalms 69:20	OT	Psalms	69	20	broken	Reproach has broken my heart, and I am full of heaviness. I looked for some to take pity, but there was none; for comforters, but I found none.
Psalms 74:3	OT	Psalms	74	3	evil	Lift up your feet to the perpetual ruins, all the evil that the enemy has done in the sanctuary.
Psalms 78:49	OT	Psalms	78	49	evil	Elohim threw on them the fierceness of Elohim’s anger, wrath, indignation, and trouble, and a band of angels of evil.
Psalms 80:12	OT	Psalms	80	12	broken	Why have you broken down its walls, so that all those who pass by the way pluck it?
Psalms 89:10	OT	Psalms	89	10	broken	You have broken Rahab in pieces, like one of the slain. You have scattered your enemies with your mighty arm.
Psalms 89:40	OT	Psalms	89	40	broken	You have broken down all his hedges. You have brought his strongholds to ruin.
Psalms 90:15	OT	Psalms	90	15	evil	Make us glad for as many days as you have afflicted us, for as many years as we have seen evil.
Psalms 91:10	OT	Psalms	91	10	evil	no evil shall happen to you, neither shall any plague come near your dwelling.
Psalms 97:10	OT	Psalms	97	10	evil	You who love YHWH, hate evil. YHWH preserves the souls of YHWH’s saints. YHWH delivers them out of the hand of the wicked.
Psalms 101:4	OT	Psalms	101	4	evil	A perverse heart will be far from me. I will have nothing to do with evil.
Psalms 107:16	OT	Psalms	107	16	broken	For YHWH has broken the gates of brass, and cut through bars of iron.
Psalms 109:16	OT	Psalms	109	16	broken	because he didn't remember to show kindness, but persecuted the poor and needy man, the broken in heart, to kill them.
Psalms 119:101	OT	Psalms	119	101	broken	I have kept my feet from every broken way, that I might observe your word.
Psalms 124:7	OT	Psalms	124	7	broken	Our soul has escaped like a bird out of the fowler's snare. The snare is broken, and we have escaped.
Psalms 140:8	OT	Psalms	140	8	evil	YHWH, don't grant the desires of the wicked. Don't let their evil plans succeed, or they will become proud. Selah.
Psalms 140:11	OT	Psalms	140	11	evil	A malicious speaker won't be established in the earth. Evil will hunt the violent person to overthrow them.
Psalms 141:4	OT	Psalms	141	4	broken	Don't incline my heart to any broken thing, to practice deeds of wickedness with people who work iniquity. Don't let me eat of their delicacies.
Psalms 147:3	OT	Psalms	147	3	broken	YHWH heals the broken in heart, and binds up their wounds.
Proverbs 1:16	OT	Proverbs	1	16	evil	for their feet run to evil. They hurry to shed blood.
Proverbs 2:12	OT	Proverbs	2	12	evil	to deliver you from the way of evil, from the people who speak perverse things;
Proverbs 2:14	OT	Proverbs	2	14	evil	who rejoice to do wrong, and delight in the perverseness of evil;
Proverbs 3:20	OT	Proverbs	3	20	broken	By YHWH’s knowledge, the depths were broken up, and the skies drop down the dew.
Proverbs 6:15	OT	Proverbs	6	15	broken	Therefore their calamity will come suddenly. They will be broken suddenly, and that without remedy.
Proverbs 8:13	OT	Proverbs	8	13	evil	Reverence for YHWH is to hate evil. I hate pride, arrogance, the wrong way, and the perverse mouth.
Proverbs 11:6	OT	Proverbs	11	6	broken	The righteousness of the upright shall deliver them, but the unfaithful will be trapped by broken desires.
Proverbs 11:19	OT	Proverbs	11	19	evil	The one who is truly righteous gets life. The one who pursues evil gets death.
Proverbs 11:27	OT	Proverbs	11	27	evil	The one who diligently seeks good seeks favor, but the one who searches after evil, it shall come to them.
Proverbs 12:21	OT	Proverbs	12	21	evil	No mischief shall happen to the righteous, but the wicked shall be filled with evil.
Proverbs 14:16	OT	Proverbs	14	16	evil	A wise person fears, and shuns evil, but the fool is hotheaded and reckless.
Proverbs 15:3	OT	Proverbs	15	3	evil	YHWH's eyes are everywhere, keeping watch on the evil and the good.
Proverbs 15:28	OT	Proverbs	15	28	evil	The heart of the righteous weighs answers, but the mouth of the wicked gushes out evil.
Proverbs 16:4	OT	Proverbs	16	4	evil	YHWH has made everything for its own end--yes, even the wicked for the day of evil.
Proverbs 16:30	OT	Proverbs	16	30	evil	One who winks their eyes to plot perversities, one who compresses their lips, is bent on evil.
Proverbs 17:13	OT	Proverbs	17	13	evil	Whoever rewards evil for good, evil shall not depart from their house.
Proverbs 20:8	OT	Proverbs	20	8	evil	A king who sits on the throne of judgment scatters away all evil with his eyes.
Proverbs 20:22	OT	Proverbs	20	22	evil	"Don't say, ""I will pay back evil."" Wait for YHWH, and YHWH will save you."
Proverbs 20:30	OT	Proverbs	20	30	evil	Wounding blows cleanse away evil, and beatings purge the innermost parts.
Proverbs 21:10	OT	Proverbs	21	10	evil	The soul of the wicked desires evil; their neighbor finds no mercy in their eyes.
Proverbs 24:31	OT	Proverbs	24	31	broken	Behold, it was all grown over with thorns. Its surface was covered with nettles, and its stone wall was broken down.
Proverbs 25:28	OT	Proverbs	25	28	broken	Like a city that is broken down and without walls is a person whose spirit is without restraint.
Proverbs 26:23	OT	Proverbs	26	23	broken	Like silver dross on an earthen vessel are the lips of a fervent one with a broken heart.
Proverbs 28:10	OT	Proverbs	28	10	broken	Whoever causes the upright to go astray in a broken way, they will fall into their own trap; but the blameless will inherit good.
Ecclesiastes 4:12	OT	Ecclesiastes	4	12	broken	If someone prevails against one who is alone, two shall withstand them; and a threefold cord is not quickly broken.
Ecclesiastes 8:3	OT	Ecclesiastes	8	3	broken	Don't be hasty to go out of his presence. Don't persist in a broken thing, for he does whatever pleases him,
Ecclesiastes 12:6	OT	Ecclesiastes	12	6	broken	before the silver cord is severed, or the golden bowl is broken, or the pitcher is broken at the spring, or the wheel broken at the cistern,
Isaiah 5:20	OT	Isaiah	5	20	evil	Woe to those who call evil good, and good evil; who put darkness for light, and light for darkness; who put bitter for sweet, and sweet for bitter!
Isaiah 5:27	OT	Isaiah	5	27	broken	None shall be weary nor stumble among them; none shall slumber nor sleep; neither shall the belt of their waist be untied, nor the latchet of their shoes be broken:
Isaiah 7:8	OT	Isaiah	7	8	broken	For the head of Aram is Dammeseq, and the head of Dammeseq is Rezin; and within sixty-five years Efrayim shall be broken in pieces, so that it shall not be a people;
Isaiah 7:15	OT	Isaiah	7	15	evil	He shall eat butter and honey when he knows to refuse the evil, and choose the good.
Isaiah 7:16	OT	Isaiah	7	16	evil	For before the child knows to refuse the evil, and choose the good, the land whose two kings you abhor shall be forsaken.
Isaiah 8:9	OT	Isaiah	8	9	broken	Make an uproar, you peoples, and be broken in pieces! Listen, all you from far countries: dress for battle, and be shattered! Dress for battle, and be shattered!
Isaiah 8:15	OT	Isaiah	8	15	broken	"Many will stumble over it, fall, be broken, be snared, and be captured."""
Isaiah 9:4	OT	Isaiah	9	4	broken	For the yoke of his burden, and the staff of his shoulder, the rod of his oppressor, you have broken as in the day of Midian.
Isaiah 13:11	OT	Isaiah	13	11	evil	I will punish the world for their evil, and the wicked for their iniquity. I will cause the arrogance of the proud to cease, and will humble the haughtiness of the terrible.
Isaiah 14:5	OT	Isaiah	14	5	broken	YHWH has broken the staff of the wicked, the scepter of the rulers,
Isaiah 14:29	OT	Isaiah	14	29	broken	Don't rejoice, O Philistia, all of you, because the rod that struck you is broken; for out of the serpent's root an adder will emerge, and his fruit will be a fiery flying serpent.
Isaiah 16:8	OT	Isaiah	16	8	broken	For the fields of Heshbon languish with the vine of Sibmah. The lords of the nations have broken down its choice branches, which reached even to Jazer, which wandered into the wilderness. Its shoots were spread abroad. They passed over the sea.
Isaiah 19:10	OT	Isaiah	19	10	broken	The pillars will be broken in pieces. All those who work for hire will be grieved in soul.
Isaiah 21:9	OT	Isaiah	21	9	broken	"Behold, here comes a troop of people, horsemen in pairs."" He answered, ""Fallen, fallen is Bavel; and all the engraved images of her gods are broken to the ground."
Isaiah 24:5	OT	Isaiah	24	5	broken	The earth also is polluted under its inhabitants, because they have transgressed the laws, violated the statutes, and broken the everlasting covenant.
Isaiah 24:10	OT	Isaiah	24	10	broken	The confused city is broken down. Every house is shut up, that no one may come in.
Isaiah 24:19	OT	Isaiah	24	19	broken	The earth is utterly broken. The earth is torn apart. The earth is shaken violently.
Isaiah 27:11	OT	Isaiah	27	11	broken	When its boughs are withered, they will be broken off. The women will come and set them on fire, for they are a people of no understanding. Therefore the one who made them will not have compassion on them, and the one who formed them will show them no favor.
Isaiah 28:13	OT	Isaiah	28	13	broken	Therefore the word of YHWH will be to them precept on precept, precept on precept; line on line, line on line; here a little, there a little; that they may go, fall backward, be broken, be snared, and be taken.
Isaiah 30:14	OT	Isaiah	30	14	broken	"He will break it as a potter's vessel is broken, breaking it in pieces without sparing, so that there won't be found among the broken piece a piece good enough to take fire from the hearth, or to dip up water out of the cistern."""
Isaiah 32:7	OT	Isaiah	32	7	evil	The ways of the scoundrel are evil. He devises wicked devices to destroy the humble with lying words, even when the needy speaks right.
Isaiah 33:8	OT	Isaiah	33	8	broken	The highways are desolate. The traveling man ceases. The covenant is broken. He has despised the cities. He doesn't regard man.
Isaiah 33:15	OT	Isaiah	33	15	evil	The one who walks righteously, and speaks blamelessly; The one who despises the gain of oppressions, who gestures with their hands, refusing to take a bribe, who stops their ears from hearing of blood, and shuts their eyes from looking at evil--
Isaiah 33:20	OT	Isaiah	33	20	broken	Look at Tzion, the city of our appointed festivals. Your eyes will see Yerushalayim, a quiet habitation, a tent that won't be removed. Its stakes will never be plucked up, nor will any of its cords be broken.
Isaiah 56:2	OT	Isaiah	56	2	evil	Blessed is the one who does this, and the child of humanity who holds it fast; who keeps the Sabbath from profaning it, and keeps his hand from doing any evil.
Isaiah 59:7	OT	Isaiah	59	7	evil	Their feet run to evil, and they make haste to shed innocent blood: their thoughts are thoughts of iniquity; desolation and destruction are in their paths.
Isaiah 61:1	OT	Isaiah	61	1	broken	The Ruach of YHWH God is on me; because YHWH has anointed me to preach good news to the humble; he has sent me to bind up the broken-hearted, to proclaim liberty to the captives, and the opening [of the prison] to those who are bound;
Isaiah 65:12	OT	Isaiah	65	12	broken	I will destine you to the sword, and you shall all bow down to the slaughter; because when I called, you did not answer; when I spoke, you did not hear; but you did what was broken in my eyes, and chose that in which I didn't delight.
Isaiah 66:4	OT	Isaiah	66	4	broken	I also will choose their delusions, and will bring their fears on them; because when I called, none did answer; when I spoke, they did not hear: but they did what was broken in my eyes, and chose that in which I didn't delight.
Jeremiah 1:14	OT	Jeremiah	1	14	evil	Then YHWH said to me, Out of the north evil shall break forth on all the inhabitants of the land.
Jeremiah 2:13	OT	Jeremiah	2	13	broken,evil	For my people have committed two acts of evil: they have forsaken me, the spring of living waters, and hewed them out cisterns, broken cisterns, that can hold no water.
Jeremiah 2:16	OT	Jeremiah	2	16	broken	The children also of Memphis and Tahpanhes have broken the crown of your head.
Jeremiah 2:19	OT	Jeremiah	2	19	broken	Your own wickedness shall correct you, and your backsliding shall reprove you: know therefore and see that it is a broken thing and a bitter, that you have forsaken YHWH your God, and that my fear is not in you, says YHWH, YHWH of Armies.
Jeremiah 2:20	OT	Jeremiah	2	20	broken	For of old time I have broken your yoke, and burst your bonds; and you said, I will not serve; for on every high hill and under every green tree you did bow yourself, playing the prostitute.
Jeremiah 2:31	OT	Jeremiah	2	31	broken	Generation, see the word of YHWH. Have I been a wilderness to Israel? or a land of thick darkness? why say my people, We are broken loose; we will come no more to you?
Jeremiah 3:5	OT	Jeremiah	3	5	broken	Will he retain [his anger] forever? will he keep it to the end? Behold, you have spoken and have done broken things, and have had your way.
Jeremiah 3:17	OT	Jeremiah	3	17	broken	At that time they shall call Yerushalayim the throne of YHWH; and all the nations shall be gathered to it, to the name of YHWH, to Yerushalayim: neither shall they walk any more after the stubbornness of their broken heart.
Jeremiah 4:6	OT	Jeremiah	4	6	evil	Set up a standard toward Tzion: flee for safety, don't stay; for I will bring evil from the north, and a great destruction.
Jeremiah 4:14	OT	Jeremiah	4	14	broken	Yerushalayim, wash your heart from wickedness, that you may be saved. How long shall your broken thoughts lodge within you?
Jeremiah 4:15	OT	Jeremiah	4	15	evil	For a voice declares from Dan, and publishes evil from the hills of Efrayim:
Jeremiah 4:26	OT	Jeremiah	4	26	broken	I saw, and behold, the fruitful field was a wilderness, and all the cities of it were broken down at the presence of YHWH, [and] before his fierce anger.
Jeremiah 5:5	OT	Jeremiah	5	5	broken	I will get me to the great people, and will speak to them; for they know the way of YHWH, and the law of their God. But these with one accord have broken the yoke, and burst the bonds.
Jeremiah 5:12	OT	Jeremiah	5	12	evil	They have denied YHWH, and said, It is not YHWH; neither shall evil come on us; neither shall we see sword nor famine:
Jeremiah 7:24	OT	Jeremiah	7	24	broken	But they didn't listen nor turn their ear, but walked in [their own] counsels [and] in the stubbornness of their broken heart, and went backward, and not forward.
Jeremiah 10:20	OT	Jeremiah	10	20	broken	My tent is destroyed, and all my cords are broken: my children are gone forth from me, and they are no more: there is none to spread my tent any more, and to set up my curtains.
Jeremiah 11:8	OT	Jeremiah	11	8	broken	Yet they didn't obey, nor turn their ear, but walked everyone in the stubbornness of their broken heart: therefore I brought on them all the words of this covenant, which I commanded them to do, but they didn't do them.
Jeremiah 11:10	OT	Jeremiah	11	10	broken	They are turned back to the iniquities of their forefathers, who refused to hear my words; and they are gone after other gods to serve them: the house of Israel and the house of Yehudah have broken my covenant which I made with their fathers.
Jeremiah 11:16	OT	Jeremiah	11	16	broken	YHWH called your name, A green olive tree, beautiful with goodly fruit: with the noise of a great tumult he has kindled fire on it, and the branches of it are broken.
Jeremiah 11:17	OT	Jeremiah	11	17	evil	For YHWH of Armies, who planted you, has pronounced harm against you, because of the evil of the house of Israel and of the house of Yehudah, which they have worked for themselves in provoking me to anger by offering incense to Baal.
Jeremiah 14:17	OT	Jeremiah	14	17	broken	You shall say this word to them, Let my eyes run down with tears night and day, and let them not cease; for the virgin daughter of my people is broken with a great breach, with a very grievous wound.
Jeremiah 15:11	OT	Jeremiah	15	11	evil	YHWH said, Most certainly I will strengthen you for good; most certainly I will cause the enemy to make supplication to you in the time of evil and in the time of affliction.
Jeremiah 16:12	OT	Jeremiah	16	12	broken	and you have done wrong more than your fathers; for, behold, you walk every one after the stubbornness of his broken heart, so that you don't listen to me:
Jeremiah 17:17	OT	Jeremiah	17	17	evil	Don't be a terror to me: you are my refuge in the day of evil.
Jeremiah 17:18	OT	Jeremiah	17	18	evil	Let them be disappointed who persecute me, but let not me be disappointed; let them be dismayed, but don't let me be dismayed; bring on them the day of evil, and destroy them with double destruction.
Jeremiah 18:8	OT	Jeremiah	18	8	evil	if that nation, concerning which I have spoken, turn from their evil, I will relent from the evil that I thought to do to them.
Jeremiah 18:12	OT	Jeremiah	18	12	broken	But they say, It is in vain; for we will walk after our own devices, and we will do everyone after the stubbornness of their broken heart.
Jeremiah 18:20	OT	Jeremiah	18	20	evil	Shall evil be recompensed for good? for they have dug a pit for my soul. Remember how I stood before you to speak good for them, to turn away your wrath from them.
Jeremiah 22:28	OT	Jeremiah	22	28	broken	Is this man Coniah a despised broken vessel? is he a vessel in which none delights? why are they cast out, he and his seed, and are cast into the land which they don't know?
Jeremiah 23:9	OT	Jeremiah	23	9	broken	Concerning the prophets. My heart within me is broken, all my bones shake; I am like a drunken man, and like a person whom wine has overcome, because of YHWH, and because of their holy words.
Jeremiah 28:2	OT	Jeremiah	28	2	broken	Thus speaks YHWH of Armies, the God of Israel, saying, I have broken the yoke of the king of Bavel.
Jeremiah 28:12	OT	Jeremiah	28	12	broken	Then the word of YHWH came to Yirmeyahu, after that Hananiah the prophet had broken the bar from off the neck of the prophet Yirmeyahu, saying,
Jeremiah 28:13	OT	Jeremiah	28	13	broken	Go, and tell Hananiah, saying, Thus says YHWH: You have broken the bars of wood; but you have made in their place bars of iron.
Jeremiah 32:30	OT	Jeremiah	32	30	broken	For the children of Israel and the children of Yehudah have done only what was broken in my sight from their youth; for the children of Israel have only provoked me to anger with the work of their hands, says YHWH.
Jeremiah 33:4	OT	Jeremiah	33	4	broken	For thus says YHWH, the God of Israel, concerning the houses of this city, and concerning the houses of the kings of Yehudah, which are broken down [to make a defense] against the mounds and against the sword;
Jeremiah 33:21	OT	Jeremiah	33	21	broken	then may also my covenant be broken with Dawid my servant, that he shall not have a son to reign on his throne; and with the Levites the priests, my ministers.
Jeremiah 35:15	OT	Jeremiah	35	15	broken	I have sent also to you all my servants the prophets, rising up early and sending them, saying, Return you now everyone from their broken way, and amend your doings, and don't go after other gods to serve them, and you shall dwell in the land which I have given to you and to your fathers: but you have not inclined your ear, nor listened to me.
Jeremiah 36:7	OT	Jeremiah	36	7	broken	It may be they will present their supplication before YHWH, and will return everyone from their broken way; for great is the anger and the wrath that YHWH has pronounced against this people.
Jeremiah 37:11	OT	Jeremiah	37	11	broken	It happened that, when the army of the Chaldeans was broken up from Yerushalayim for fear of Pharaoh's army,
Jeremiah 42:6	OT	Jeremiah	42	6	evil	Whether it be good, or whether it be evil, we will obey the voice of YHWH our God, to whom we send you; that it may be well with us, when we obey the voice of YHWH our God.
Jeremiah 44:2	OT	Jeremiah	44	2	evil	Thus says YHWH of Armies, the God of Israel: You have seen all the evil that I have brought on Yerushalayim, and on all the cities of Yehudah; and behold, this day they are a desolation, and no one dwells therein,
Jeremiah 44:11	OT	Jeremiah	44	11	evil	Therefore thus says YHWH of Armies, the God of Israel: Behold, I will set my face against you for evil, even to cut off all Yehudah.
Jeremiah 44:17	OT	Jeremiah	44	17	evil	But we will certainly perform every word that is gone forth out of our mouth, to burn incense to the queen of the sky, and to pour out drink offerings to her, as we have done, we and our fathers, our kings and our princes, in the cities of Yehudah, and in the streets of Yerushalayim; for then had we plenty of food, and were well, and saw no evil.
Jeremiah 48:1	OT	Jeremiah	48	1	broken	Of Moab. Thus says YHWH of Armies, the God of Israel: Woe to Nebo! for it is laid waste; Kiriathaim is disappointed, it is taken; Misgab is put to shame and broken down.
Jeremiah 48:17	OT	Jeremiah	48	17	broken	All you who are round about him, bemoan him, and all you who know his name; say, How is the strong staff broken, the beautiful rod!
Jeremiah 48:20	OT	Jeremiah	48	20	broken	Moab is disappointed; for it is broken down: wail and cry; tell you it by the Arnon, that Moab is laid waste.
Jeremiah 48:25	OT	Jeremiah	48	25	broken	The horn of Moab is cut off, and his arm is broken, says YHWH.
Jeremiah 48:38	OT	Jeremiah	48	38	broken	On all the housetops of Moab and in the streets of it there is lamentation every where; for I have broken Moab like a vessel in which none delights, says YHWH.
Jeremiah 48:39	OT	Jeremiah	48	39	broken	How is it broken down! [how] do they wail! how has Moab turned the back with shame! so shall Moab become a derision and a terror to all who are round about him.
Jeremiah 50:17	OT	Jeremiah	50	17	broken	Israel is a hunted sheep; the lions have driven him away: first, the king of Ashur devoured him; and now at last Nebuchadnezzar king of Bavel has broken his bones.
Jeremiah 50:23	OT	Jeremiah	50	23	broken	How is the hammer of the whole earth cut apart and broken! how is Bavel become a desolation among the nations!
Jeremiah 51:24	OT	Jeremiah	51	24	evil	I will render to Bavel and to all the inhabitants of Chaldea all their evil that they have done in Tzion in your sight, says YHWH.
Jeremiah 51:30	OT	Jeremiah	51	30	broken	The mighty men of Bavel have forborne to fight, they remain in their strongholds; their might has failed; they are become as women: her dwelling places are set on fire; her bars are broken.
Jeremiah 51:56	OT	Jeremiah	51	56	broken	for the destroyer is come on her, even on Bavel, and her mighty people are taken, their bows are broken in pieces; for YHWH is a God of recompenses, YHWH will surely requite.
Jeremiah 52:2	OT	Jeremiah	52	2	broken	He did what was broken in the sight of YHWH, according to all that Jehoiakim had done.
Lamentations 2:9	OT	Lamentations	2	9	broken	Her gates are sunk into the ground; he has destroyed and broken her bars: Her king and her princes are among the nations where the law is not; Yes, her prophets find no vision from YHWH.
Lamentations 3:4	OT	Lamentations	3	4	broken	My flesh and my skin has he made old; he has broken my bones.
Lamentations 3:16	OT	Lamentations	3	16	broken	He has also broken my teeth with gravel stones; he has covered me with ashes.
Ezekiel 6:4	OT	Ezekiel	6	4	broken	Your altars shall become desolate, and your incense altars shall be broken; and I will cast down your slain men before your idols.
Ezekiel 6:6	OT	Ezekiel	6	6	broken	In all your dwelling places the cities shall be laid waste, and the high places shall be desolate; that your altars may be laid waste and made desolate, and your idols may be broken and cease, and your incense altars may be hewn down, and your works may be abolished.
Ezekiel 6:9	OT	Ezekiel	6	9	broken	Those of you that escape shall remember me among the nations where they shall be carried captive, how that I have been broken with their lewd heart, which has departed from me, and with their eyes, which play the prostitute after their idols: and they shall loathe themselves in their own sight for the broken acts which they have committed in all their abominations.
Ezekiel 6:10	OT	Ezekiel	6	10	evil	They shall know that I am YHWH: I have not said in vain that I would do this evil to them.
Ezekiel 6:11	OT	Ezekiel	6	11	evil	Thus says YHWH God: Smite with your hand, and stamp with your foot, and say, Alas! because of all the evil abominations of the house of Israel; for they shall fall by the sword, by the famine, and by the pestilence.
Ezekiel 17:19	OT	Ezekiel	17	19	broken	Therefore thus says YHWH God: As I live, surely my oath that he has despised, and my covenant that he has broken, I will even bring it on his own head.
Ezekiel 19:12	OT	Ezekiel	19	12	broken	But it was plucked up in fury, it was cast down to the ground, and the east wind dried up its fruit: its strong rods were broken off and withered; the fire consumed them.
Ezekiel 20:43	OT	Ezekiel	20	43	broken	There shall you remember your ways, and all your doings, in which you have polluted yourselves; and you shall loathe yourselves in your own sight for all your broken acts that you have committed.
Ezekiel 20:44	OT	Ezekiel	20	44	broken	You shall know that I am YHWH, when I have dealt with you for my name's sake, not according to your broken ways, nor according to your corrupt doings, you house of Israel, says YHWH God.
Ezekiel 23:34	OT	Ezekiel	23	34	broken	You shall even drink it and drain it out, and you shall gnaw the broken pieces of it, and shall tear your breasts; for I have spoken it, says YHWH God.
Ezekiel 26:2	OT	Ezekiel	26	2	broken	Child of humanity, because Tzor has said against Yerushalayim, Aha, she is broken: the gate of the peoples; she is turned to me; I shall be replenished, now that she is laid waste:
Ezekiel 27:26	OT	Ezekiel	27	26	broken	Your rowers have brought you into great waters: the east wind has broken you in the heart of the seas.
Ezekiel 27:34	OT	Ezekiel	27	34	broken	In the time that you were broken by the seas in the depths of the waters, your merchandise and all your company did fall in the midst of you.
Ezekiel 30:4	OT	Ezekiel	30	4	broken	A sword shall come on Mitzrayim, and anguish shall be in Ethiopia, when the slain shall fall in Mitzrayim; and they shall take away her multitude, and her foundations shall be broken down.
Ezekiel 30:16	OT	Ezekiel	30	16	broken	I will set a fire in Mitzrayim: Sin shall be in great anguish, and No shall be broken up; and Memphis [shall have] adversaries in the daytime.
Ezekiel 30:21	OT	Ezekiel	30	21	broken	Child of humanity, I have broken the arm of Pharaoh king of Mitzrayim; and behold, it has not been bound up, to apply [healing] medicines, to put a bandage to bind it, that it be strong to hold the sword.
Ezekiel 30:22	OT	Ezekiel	30	22	broken	Therefore thus says YHWH God: Behold, I am against Pharaoh king of Mitzrayim, and will break his arms, the strong [arm], and that which was broken; and I will cause the sword to fall out of his hand.
Ezekiel 31:12	OT	Ezekiel	31	12	broken	Strangers, the terrible of the nations, have cut him off, and have left him: on the mountains and in all the valleys his branches are fallen, and his boughs are broken by all the watercourses of the land; and all the peoples of the earth are gone down from his shadow, and have left him.
Ezekiel 32:28	OT	Ezekiel	32	28	broken	But you shall be broken in the midst of the uncircumcised, and shall lie with those who are slain by the sword.
Ezekiel 33:11	OT	Ezekiel	33	11	broken	Tell them, As I live, says YHWH God, I have no pleasure in the death of the wicked; but that the wicked turn from his way and live: turn you, turn you from your broken ways; for why will you die, house of Israel?
Ezekiel 34:4	OT	Ezekiel	34	4	broken	You haven't strengthened the diseased, neither have you healed that which was sick, neither have you bound up that which was broken, neither have you brought back that which was driven away, neither have you sought that which was lost; but with force and with rigor have you ruled over them.
Ezekiel 34:16	OT	Ezekiel	34	16	broken	I will seek that which was lost, and will bring back that which was driven away, and will bind up that which was broken, and will strengthen that which was sick: but the fat and the strong I will destroy; I will feed them in justice.
Ezekiel 34:27	OT	Ezekiel	34	27	broken	The tree of the field shall yield its fruit, and the earth shall yield its increase, and they shall be secure in their land; and they shall know that I am YHWH, when I have broken the bars of their yoke, and have delivered them out of the hand of those who made slaves of them.
Ezekiel 36:31	OT	Ezekiel	36	31	broken	Then shall you remember your broken ways, and your doings that were not good; and you shall loathe yourselves in your own sight for your iniquities and for your abominations.
Ezekiel 38:10	OT	Ezekiel	38	10	evil	Thus says YHWH God: It shall happen in that day, that things shall come into your mind, and you shall devise an evil plan:
Ezekiel 44:7	OT	Ezekiel	44	7	broken	in that you have brought in foreigners, uncircumcised in heart and uncircumcised in flesh, to be in my sanctuary, to profane it, even my house, when you offer my bread, the fat and the blood, and they have broken my covenant, [to add] to all your abominations.
Daniel 2:35	OT	Daniel	2	35	broken	Then was the iron, the clay, the brass, the silver, and the gold, broken in pieces together, and became like the chaff of the summer threshing floors; and the wind carried them away, so that no place was found for them: and the stone that struck the image became a great mountain, and filled the whole earth.
Daniel 2:42	OT	Daniel	2	42	broken	As the toes of the feet were part of iron, and part of clay, so the kingdom shall be partly strong, and partly broken.
Daniel 8:8	OT	Daniel	8	8	broken	The male goat magnified himself exceedingly: and when he was strong, the great horn was broken; and instead of it there came up four notable [horns] toward the four winds of the sky.
Daniel 8:22	OT	Daniel	8	22	broken	As for that which was broken, in the place where four stood up, four kingdoms shall stand up out of the nation, but not with his power.
Daniel 8:25	OT	Daniel	8	25	broken	Through his policy he shall cause craft to prosper in his hand; and he shall magnify himself in his heart, and in [their] security shall he destroy many: he shall also stand up against the prince of princes; but he shall be broken without hand.
Daniel 11:4	OT	Daniel	11	4	broken	When he shall stand up, his kingdom shall be broken, and shall be divided toward the four winds of the sky, but not to his posterity, nor according to his dominion with which he ruled; for his kingdom shall be plucked up, even for others besides these.
Daniel 11:22	OT	Daniel	11	22	broken	The overwhelming forces shall be overwhelmed from before him, and shall be broken; yes, also the prince of the covenant.
Hosea 6:7	OT	Hosea	6	7	broken	But they, like Adam, have broken the covenant. They were unfaithful to me, there.
Hosea 8:1	OT	Hosea	8	1	broken	"""Put the trumpet to your lips! Something like an eagle is over YHWH's house, because they have broken my covenant, and rebelled against my law."
Hosea 8:6	OT	Hosea	8	6	broken	For this is even from Israel! The workman made it, and it is no Elohim; indeed, the calf of Shomron shall be broken in pieces.
Joel 1:17	OT	Joel	1	17	broken	The seeds rot under their clods. The granaries are laid desolate. The barns are broken down, for the grain has withered.
Amos 5:14	OT	Amos	5	14	evil	Seek good, and not evil, that you may live; and so YHWH, the God of Armies, will be with you, as you say.
Amos 5:15	OT	Amos	5	15	evil	"Hate evil, love good, and establish justice in the courts. It may be that YHWH, the God of Armies, will be gracious to the remnant of Yosef."""
Jonah 3:8	OT	Jonah	3	8	broken	but let them be covered with sackcloth, both man and animal, and let them cry mightily to Elohim. Yes, let them turn everyone from their broken way, and from the violence that is in their hands.
Jonah 3:10	OT	Jonah	3	10	broken	Elohim saw their works, that they turned from their broken way. Elohim relented of the disaster which Elohim said Elohim would do to them, and Elohim didn't do it.
Micah 3:4	OT	Micah	3	4	evil	"Then they will cry to YHWH, but YHWH will not answer them. Yes, YHWH will hide YHWH’s face from them at that time, because their deeds were evil."""
Micah 7:3	OT	Micah	7	3	broken,evil	Their hands are on that which is evil to do it diligently. The ruler and judge ask for a bribe; and the powerful man dictates the broken desire of his soul. Thus they conspire together.
Nahum 1:6	OT	Nahum	1	6	broken	Who can stand before his indignation? Who can endure the fierceness of his anger? His wrath is poured out like fire, and the rocks are broken apart by him.
Habakkuk 1:13	OT	Habakkuk	1	13	evil	You who have purer eyes than to see evil, and who cannot look on perversity, why do you tolerate those who deal treacherously, and keep silent when the wicked swallows up the one who is more righteous than they,
Habakkuk 2:9	OT	Habakkuk	2	9	evil	Woe to the one who gets dishonest gain for their house, that they may set their nest on high, that they may be delivered from the hand of evil!
Zephaniah 3:15	OT	Zephaniah	3	15	evil	YHWH has taken away your judgments. YHWH has thrown out your enemy. The King of Israel, YHWH, is in the midst of you. You will not be afraid of evil any more.
Zechariah 1:4	OT	Zechariah	1	4	evil	Don't you be like your fathers, to whom the former prophets proclaimed, saying: Thus says YHWH of Armies, 'Return now from your wrong ways, and from your evil doings;' but they did not hear, nor listen to me, says YHWH.
Zechariah 11:11	OT	Zechariah	11	11	broken	It was broken in that day; and thus the poor of the flock that listened to me knew that it was the word of YHWH.
Zechariah 11:16	OT	Zechariah	11	16	broken	For, behold, I will raise up a shepherd in the land, who will not visit those who are cut off, neither will seek those who are scattered, nor heal that which is broken, nor feed that which is sound; but he will eat the flesh of the fat sheep, and will tear their hoofs in pieces.
Malachi 1:8	OT	Malachi	1	8	evil	"When you offer the blind for sacrifice, isn't that evil? And when you offer the lame and sick, isn't that evil? Present it now to your governor! Will he be pleased with you? Or will he accept your person?"" says YHWH of Armies."
Malachi 2:17	OT	Malachi	2	17	evil	You have wearied YHWH with your words. Yet you say, 'How have we wearied YHWH?' In that you say, 'Everyone who does evil is good in the sight of YHWH, and they delights in them;' or 'Where is the God of justice?'
Matthew 5:11	NT	Matthew	5	11	unripeness	"""Blessed are you when people reproach you, persecute you, and say all kinds of unripeness against you falsely, for my sake."
Matthew 5:37	NT	Matthew	5	37	unripe	But let your 'Yes' be 'Yes' and your 'No' be 'No.' Whatever is more than these is of the unripe one.
Matthew 5:39	NT	Matthew	5	39	unripeness	But I tell you, don't resist one who acts from unripeness; but whoever strikes you on your right cheek, turn to them the other also.
Matthew 5:45	NT	Matthew	5	45	unripe	that you may be children of your Cosmic Parent who is in heaven. For he makes his sun to rise on the unripe and the good, and sends rain on the just and the unjust.
Matthew 6:23	NT	Matthew	6	23	unripe	But if your eye is unripe, your whole body will be full of darkness. If therefore the light that is in you is darkness, how great is the darkness!
Matthew 6:34	NT	Matthew	6	34	unripeness	Therefore don't be anxious for tomorrow, for tomorrow will be anxious for itself. Each day's own unripeness is sufficient.
Matthew 7:11	NT	Matthew	7	11	unripe	If you then, being unripe and still able to sour, know how to give good gifts to your children, how much more will your Cosmic Parent who is in heaven give good things to those who seek from him!
Matthew 7:17	NT	Matthew	7	17	unripe	Even so, every good tree produces good fruit; but the corrupt tree produces unripe fruit.
Matthew 7:18	NT	Matthew	7	18	unripe	A good tree can't produce unripe fruit, neither can a corrupt tree produce good fruit.
Matthew 9:4	NT	Matthew	9	4	unripeness	"Yeshua, knowing their thoughts, said, ""Why do you think unripeness in your hearts?"
Matthew 12:34	NT	Matthew	12	34	unripe	You offspring of vipers, how can you, being unripe, speak good things? For out of the abundance of the heart, the mouth speaks.
Matthew 12:35	NT	Matthew	12	35	unripe	The good person out of their good treasure brings out good things, and the unripe person out of their unripe treasure brings out unripe things.
Matthew 12:39	NT	Matthew	12	39	unripe	"But he answered them, ""An unripe and adulterous generation seeks after a sign, but no sign will be given it but the sign of Yonah the prophet."
Matthew 12:45	NT	Matthew	12	45	unripe	"Then he goes, and takes with himself seven other spirits more unripe than he is, and they enter in and dwell there. The last state of that person becomes worse than the first. Even so will it be also to this unripe generation."""
Matthew 13:19	NT	Matthew	13	19	unripe	When anyone hears the word of the reign, and doesn't understand it, the unripe one comes, and snatches away that which has been sown in their heart. This is what was sown by the roadside.
Matthew 13:38	NT	Matthew	13	38	unripe	the field is the world; and the good seed, these are the children of the reign; and the darnel weeds are the children of the unripe one.
Matthew 14:20	NT	Matthew	14	20	broken	They all ate, and were filled. They took up twelve baskets full of that which remained left over from the broken pieces.
Matthew 15:19	NT	Matthew	15	19	unripe	For out of the heart come forth unripe thoughts, murders, adulteries, sexual sins, thefts, false testimony, and blasphemies.
Matthew 15:37	NT	Matthew	15	37	broken	They all ate, and were filled. They took up seven baskets full of the broken pieces that were left over.
Matthew 16:4	NT	Matthew	16	4	unripe	"An unripe and adulterous generation seeks after a sign, and there will be no sign given to it, except the sign of the prophet Yonah."" He left them, and departed."
Matthew 20:15	NT	Matthew	20	15	unripeness	Isn't it lawful for me to do what I want to with what I own? Or is your eye unripeness, because I am good?'
Matthew 21:44	NT	Matthew	21	44	broken	"The one who falls on this stone will be broken to pieces, but on whoever it will fall, it will scatter them as dust."""
Matthew 24:43	NT	Matthew	24	43	broken	But know this, that if the master of the house had known in what watch of the night the thief was coming, he would have watched, and would not have allowed his house to be broken into.
Matthew 24:48	NT	Matthew	24	48	unripe	But if that unripe servant should say in his heart, 'My master is delaying his coming,'
Mark 2:4	NT	Mark	2	4	broken	When they could not come near to him for the crowd, they removed the roof where he was. When they had broken it up, they let down the mat that the paralytic was lying on.
Mark 5:4	NT	Mark	5	4	broken	because he had been often bound with fetters and chains, and the chains had been torn apart by him, and the fetters broken in pieces. Nobody had the strength to tame him.
Mark 6:43	NT	Mark	6	43	broken	They took up twelve baskets full of broken pieces and also of the fish.
Mark 7:21	NT	Mark	7	21	unripe	For from within, out of the hearts of people, proceed unripe thoughts, adulteries, sexual sins, murders, thefts,
Mark 7:22	NT	Mark	7	22	unripe	covetings, wickedness, deceit, lustful desires, an unripe eye, blasphemy, pride, and foolishness.
Mark 7:23	NT	Mark	7	23	unripe	"All these unripe things come from within, and defile the person."""
Mark 8:8	NT	Mark	8	8	broken	They ate, and were filled. They took up seven baskets of broken pieces that were left over.
Mark 8:19	NT	Mark	8	19	broken	"When I broke the five loaves among the five thousand, how many baskets full of broken pieces did you take up?"" They told him, ""Twelve."""
Mark 8:20	NT	Mark	8	20	broken	"""When the seven loaves fed the four thousand, how many baskets full of broken pieces did you take up?"" They told him, ""Seven."""
Luke 3:19	NT	Luke	3	19	unripe	but Herodes the tetrarch, being reproved by him for Herodias, his brother's wife, and for all the unripe things which Herodes had done,
Luke 6:22	NT	Luke	6	22	unripe	Blessed are you when people shall hate you, and when they shall exclude and mock you, and throw out your name as unripe, for the Human One's sake.
Luke 6:35	NT	Luke	6	35	unripe	But love your enemies, and do good, and lend, expecting nothing back; and your reward will be great, and you will be children of the Most High; for he is kind toward the unthankful and the unripe.
Luke 6:45	NT	Luke	6	45	unripe	The good person out of the good treasure of their heart brings out that which is good, and the unripe person out of the unripe treasure of their heart brings out what is unripe, for out of the abundance of the heart, their mouth speaks.
Luke 7:21	NT	Luke	7	21	unripe	In that hour he cured many of diseases and plagues and unripe spirits; and to many who were blind he gave sight.
Luke 8:2	NT	Luke	8	2	unripe	and certain women who had been healed of unripe spirits and infirmities: Maryam who was called Magdalene, from whom seven demons had gone out;
Luke 9:17	NT	Luke	9	17	broken	They ate, and were all filled. They gathered up twelve baskets of broken pieces that were left over.
Luke 11:13	NT	Luke	11	13	unripe	"If you then, being unripe and still able to sour, know how to give good gifts to your children, how much more will your heavenly Cosmic Parent give the Ruach of Elohim to those who seek from him?"""
Luke 11:26	NT	Luke	11	26	unripe	"Then it goes, and takes seven other spirits more unripe than itself, and they enter in and dwell there. The last state of that person becomes worse than the first."""
Luke 11:29	NT	Luke	11	29	unripe	"When the multitudes were gathering together to him, he began to say, ""This is an unripe generation. It seeks after a sign. No sign will be given to it but the sign of Yonah, the prophet."
Luke 11:34	NT	Luke	11	34	unripe	The lamp of the body is the eye. Therefore when your eye is good, your whole body is also full of light; but when it is unripe, your body also is full of darkness.
Luke 12:39	NT	Luke	12	39	broken	But know this, that if the master of the house had known in what hour the thief was coming, he would have watched, and not allowed his house to be broken into.
Luke 20:18	NT	Luke	20	18	broken	"Everyone who falls on that stone will be broken to pieces, but it will crush whomever it falls on to dust."""
Luke 23:22	NT	Luke	23	22	unripeness	"He said to them the third time, ""Why? What unripeness has this man done? I have found no capital crime in him. I will therefore chastise him and release him."""
John 3:19	NT	John	3	19	unripe	This is the judgment, that the light has come into the world, and people loved the darkness rather than the light; for their works were unripe.
John 3:20	NT	John	3	20	unripeness	For everyone who acts from unripeness hates the light, and doesn't come to the light, lest their works would be exposed.
John 5:29	NT	John	5	29	unripeness	and will come out; those who have done good, to the resurrection of life; and those who have acted from unripeness, to the resurrection of judgment.
John 6:12	NT	John	6	12	broken	"When they were filled, he said to his disciples, ""Gather up the broken pieces which are left over, that nothing be lost."""
John 6:13	NT	John	6	13	broken	So they gathered them up, and filled twelve baskets with broken pieces from the five barley loaves, which were left over by those who had eaten.
John 7:7	NT	John	7	7	unripe	The world can't hate you, but it hates me, because I testify about it, that its works are unripe.
John 7:23	NT	John	7	23	broken	If a boy receives circumcision on the Sabbath, that the law of Moshe may not be broken, are you angry with me, because I made a person every bit whole on the Sabbath?
John 10:35	NT	John	10	35	broken	If he called them gods, to whom the word of Elohim came (and the Scripture can't be broken),
John 17:15	NT	John	17	15	unripe	I pray not that you would take them from the world, but that you would keep them from the unripe one.
John 18:23	NT	John	18	23	unripeness	"Yeshua answered him, ""If I have spoken from unripeness, testify of the unripeness; but if I have spoken well, why do you beat me?"""
John 18:30	NT	John	18	30	unripeness	"They answered him, ""If this man weren't a person who acts from unripeness, we wouldn't have delivered him up to you."""
John 19:31	NT	John	19	31	broken	Therefore the Judeans, because it was the Preparation Day, so that the bodies wouldn't remain on the cross on the Sabbath (for that Sabbath was a special one), asked of Pilatus that their legs might be broken, and that they might be taken away.
John 19:36	NT	John	19	36	broken	"For these things happened, that the Scripture might be fulfilled, ""A bone of him will not be broken."""
Acts 19:12	NT	Acts	19	12	unripe	so that even handkerchiefs or aprons were carried away from his body to the sick, and the unripe spirits went out.
Acts 19:13	NT	Acts	19	13	unripe	"But some of the itinerant Judeans, exorcists, took on themselves to invoke over those who had the unripe spirits the name of Master Yeshua, saying, ""We adjure you by Yeshua whom Shaul preaches."""
Acts 19:15	NT	Acts	19	15	unripe	"The unripe spirit answered, ""Yeshua I know, and Shaul I know, but who are you?"""
Acts 19:16	NT	Acts	19	16	unripe	The person in whom the unripe spirit was leaped on them, and overpowered them, and prevailed against them, so that they fled out of that house naked and wounded.
Acts 20:11	NT	Acts	20	11	broken	When he had gone up, and had broken bread, and eaten, and had talked with them a long while, even until break of day, he departed.
Acts 23:9	NT	Acts	23	9	unripeness	"A great clamor arose, and some of the scribes of the Pharisees part stood up, and contended, saying, ""We find no unripeness in this man. But if a spirit or angel has spoken to him, let's not fight against God!"""
Romans 1:29	NT	Romans	1	29	unripe	being filled with all unrighteousness, sexual immorality, wickedness, covetousness, maliciousness; full of envy, murder, strife, deceit, unripe habits, secret slanderers,
Romans 1:30	NT	Romans	1	30	unripe	backbiters, hateful to God, insolent, haughty, boastful, inventors of unripe things, disobedient to parents,
Romans 2:9	NT	Romans	2	9	unripeness	oppression and anguish, on every person who acts from unripeness, to the Judean first, and also to the Greek.
Romans 3:8	NT	Romans	3	8	unripeness	"Why not (as we are slanderously reported, and as some affirm that we say), ""Let us act from unripeness, that good may come?"" Those who say so are justly condemned."
Romans 7:19	NT	Romans	7	19	unripeness	For the good which I desire, I don't do; but the unripeness which I don't desire, that I practice.
Romans 7:21	NT	Romans	7	21	unripeness	I find then the law, that, to me, while I desire to do good, unripeness is present.
Romans 11:3	NT	Romans	11	3	broken	"""Master, they have killed your prophets, they have broken down your altars; and I am left alone, and they seek my life."""
Romans 11:17	NT	Romans	11	17	broken	But if some of the branches were broken off, and you, being a wild olive, were grafted in among them, and became partaker with them of the root and of the richness of the olive tree;
Romans 11:19	NT	Romans	11	19	broken	"You will say then, ""Branches were broken off, that I might be grafted in."""
Romans 11:20	NT	Romans	11	20	broken	True; by their unbelief they were broken off, and you stand by your faith. Don't be conceited, but fear;
Romans 12:9	NT	Romans	12	9	unripeness	Let love be without hypocrisy. Abhor that which is unripeness. Cling to that which is good.
Romans 12:17	NT	Romans	12	17	unripeness	repay no one unripeness for unripeness. Respect what is honorable in the sight of all people.
Romans 12:21	NT	Romans	12	21	unripeness	Don't be overcome by unripeness, but overcome unripeness with good.
Romans 13:3	NT	Romans	13	3	unripeness	For rulers are not a terror to the good work, but to the unripeness. Do you desire to have no fear of the authority? Do that which is good, and you will have praise from the same,
Romans 13:4	NT	Romans	13	4	unripeness	for he is a servant of God to you for good. But if you do that which is unripeness, be afraid, for he doesn't bear the sword in vain; for they are a servant of God, an avenger for wrath to the one who acts from unripeness.
Romans 14:20	NT	Romans	14	20	unripeness	Don't overthrow God's work for food's sake. All things indeed are clean, however it is unripeness for that person who creates a stumbling block by eating.
Romans 16:19	NT	Romans	16	19	unripeness	For your obedience has become known to all. I rejoice therefore over you. But I desire to have you wise in that which is good, but innocent in that which is unripeness.
1 Corinthians 5:13	NT	1 Corinthians	5	13	broken	"But those who are outside, God judges. ""Put away the broken person from among yourselves."""
1 Corinthians 10:6	NT	1 Corinthians	10	6	unripe	Now these things were our examples, to the intent we should not lust after unripe things, as they also lusted.
1 Corinthians 11:24	NT	1 Corinthians	11	24	broken	"When he had given thanks, he broke it, and said, ""Take, eat. This is my body, which is broken for you. Do this in memory of me."""
1 Corinthians 13:5	NT	1 Corinthians	13	5	unripeness	doesn't behave itself inappropriately, doesn't seek its own way, is not provoked, takes no account of unripeness;
1 Corinthians 15:33	NT	1 Corinthians	15	33	unripe	"Don't be deceived! ""unripe companionships corrupt good morals."""
2 Corinthians 13:7	NT	2 Corinthians	13	7	unripeness	Now I pray to God that you act from no unripeness; not that we may appear approved, but that you may do that which is honorable, though we are as reprobate.
Galatians 1:4	NT	Galatians	1	4	unripeness	who gave himself for our sins, that he might deliver us out of this present unripeness age, according to the will of our God and Cosmic Parent--
Ephesians 5:16	NT	Ephesians	5	16	unripeness	redeeming the time, because the days are unripeness.
Ephesians 6:13	NT	Ephesians	6	13	unripeness	Therefore, put on the whole armor of God, that you may be able to withstand in the unripeness day, and, having done all, to stand.
Ephesians 6:16	NT	Ephesians	6	16	unripe	above all, taking up the shield of faith, with which you will be able to quench all the fiery darts of the unripe one.
Philippians 3:2	NT	Philippians	3	2	unripeness	Beware of the dogs, beware of the workers of unripeness, beware of the false circumcision.
Colossians 1:21	NT	Colossians	1	21	unripeness	You, being in past times alienated and enemies in your mind in your works of unripeness,
Colossians 3:5	NT	Colossians	3	5	unripe	Put to death therefore your members which are on the earth: sexual immorality, uncleanness, depraved passion, unripe desire, and covetousness, which is idolatry;
1 Thessalonians 5:15	NT	1 Thessalonians	5	15	unripeness	See that no one returns unripeness for unripeness to anyone, but always follow after that which is good, for one another, and for all.
1 Thessalonians 5:22	NT	1 Thessalonians	5	22	unripeness	Abstain from every form of unripeness.
2 Thessalonians 3:2	NT	2 Thessalonians	3	2	unripeness	and that we may be delivered from unreasonable and people of unripeness; for not all have faith.
2 Thessalonians 3:3	NT	2 Thessalonians	3	3	unripe	But the Master is faithful, who will establish you, and guard you from the unripe one.
1 Timothy 6:4	NT	1 Timothy	6	4	unripe	he is conceited, knowing nothing, but obsessed with arguments, disputes, and word battles, from which come envy, strife, reviling, unripe suspicions,
1 Timothy 6:10	NT	1 Timothy	6	10	unripeness	For the love of money is a root of all kinds of unripeness. Some have been led astray from the faith in their greed, and have pierced themselves through with many sorrows.
2 Timothy 3:13	NT	2 Timothy	3	13	unripeness	But people of unripeness and impostors will grow worse and worse, deceiving and being deceived.
2 Timothy 4:14	NT	2 Timothy	4	14	unripeness	Alexandros, the coppersmith, did much unripeness to me. The Master will repay him according to his works,
2 Timothy 4:18	NT	2 Timothy	4	18	unripeness	And the Master will deliver me from every work of unripeness, and will preserve me for his heavenly Reign; to whom be the glory forever and ever. Amen.
Titus 1:12	NT	Titus	1	12	unripe	"One of them, a prophet of their own, said, ""Cretans are always liars, unripe beasts, and idle gluttons."""
Titus 2:8	NT	Titus	2	8	unripe	and soundness of speech that can't be condemned; that the one who opposes you may be ashamed, having no unripe thing to say about us.
Hebrews 3:12	NT	Hebrews	3	12	unripe	Beware, brothers and sisters, lest perhaps there be in any one of you an unripe heart of unbelief, in falling away from the living God;
Hebrews 5:14	NT	Hebrews	5	14	unripeness	But solid food is for those who are full grown, who by reason of use have their senses exercised to discern good and unripeness.
Hebrews 10:22	NT	Hebrews	10	22	unripe	let's draw near with a true heart in fullness of faith, having our hearts sprinkled from an unripe conscience, and having our body washed with pure water,
James 1:13	NT	James	1	13	unripeness	"Let no one say when they are tempted, ""I am tempted by God,"" for God can't be tempted by unripeness, and God tempts no one."
James 2:4	NT	James	2	4	unripe	haven't you shown partiality among yourselves, and become judges with unripe thoughts?
James 3:8	NT	James	3	8	unripeness	But nobody can tame the tongue. It is a restless unripeness, full of deadly poison.
James 3:16	NT	James	3	16	unripeness	For where jealousy and selfish ambition are, there is confusion and every unripeness deed.
James 4:16	NT	James	4	16	unripeness	But now you glory in your boasting. All such boasting is unripeness.
1 Peter 2:1	NT	1 Peter	2	1	unripeness	Putting away therefore all wickedness, all deceit, hypocrisies, envies, and all unripeness speaking,
1 Peter 2:12	NT	1 Peter	2	12	unripeness	having good behavior among the nations, so in that of which they speak against you as people who act from unripeness, they may by your good works, which they see, glorify God in the day of visitation.
1 Peter 2:14	NT	1 Peter	2	14	unripeness	or to governors, as sent by him for vengeance on people who act from unripeness and for praise to those who do well.
1 Peter 3:9	NT	1 Peter	3	9	unripeness	not rendering unripeness for unripeness, or reviling for reviling; but instead blessing; knowing that to this were you called, that you may inherit a blessing.
1 Peter 3:10	NT	1 Peter	3	10	unripeness	"For, ""The one who would love life, and see good days, let them keep their tongue from unripeness, and their lips from speaking deceit."
1 Peter 3:11	NT	1 Peter	3	11	unripeness	Let them turn away from unripeness, and do good. Let them seek peace, and pursue it.
1 Peter 3:12	NT	1 Peter	3	12	unripeness	"For the eyes of the Master are on the righteous, and the Master’s ears open to their prayer; but the face of YHWH is against those who act from unripeness."""
1 Peter 3:16	NT	1 Peter	3	16	unripeness	having a good conscience; that, while you are spoken against as people who act from unripeness, they may be disappointed who curse your good manner of life in Messiah.
1 Peter 3:17	NT	1 Peter	3	17	unripeness	For it is better, if it is God's will, that you suffer for doing well than for doing unripeness.
1 Peter 4:15	NT	1 Peter	4	15	unripeness	For let none of you suffer as a murderer, or a thief, or an unripeness doer, or a meddler in other people's matters.
1 John 2:13	NT	1 John	2	13	unripe	I write to you, fathers, because you know the one who is from the beginning. I write to you, young people, because you have overcome the unripe one. I write to you, little children, because you know the Cosmic Parent.
1 John 2:14	NT	1 John	2	14	unripe	I have written to you, fathers, because you know the one who is from the beginning. I have written to you, young people, because you are strong, and the word of God remains in you, and you have overcome the unripe one.
1 John 3:12	NT	1 John	3	12	unripe	unlike Qayin, who was of the unripe one, and killed his brother. Why did he kill him? Because his works were unripe, and his brother's righteous.
1 John 5:18	NT	1 John	5	18	unripe	We know that whoever is born of God doesn't sin, but the one who was born of God keeps themselves, and the unripe one doesn't touch them.
1 John 5:19	NT	1 John	5	19	unripe	We know that we are of God, and the whole world lies in the power of the unripe one.
2 John 1:11	NT	2 John	1	11	unripeness	for the one who welcomes them participates in their works of unripeness.
3 John 1:11	NT	3 John	1	11	unripeness	Beloved, don't imitate that which is unripeness, but that which is good. The one who does good is of God. The one who acts from unripeness hasn't seen God.
Revelation 2:2	NT	Revelation	2	2	unripeness	"""I know your works, and your toil and perseverance, and that you can't tolerate people of unripeness, and have tested those who call themselves emissaries, and they are not, and found them false."
Revelation 6:13	NT	Revelation	6	13	unripe	The stars of the sky fell to the earth, like a fig tree dropping its unripe figs when it is shaken by a great wind.
Revelation 16:2	NT	Revelation	16	2	unripe	The first went, and poured out his bowl into the earth, and it became a harmful and harmful and unripe sore on the people who had the mark of the beast, and who worshiped his image.
