reference	testament	book	chapter	verse	current_text	historical_pre_cleanup_text	historical_cleanup_text	in_2026_09_14_lexical_ledger	current_grammar_flags
Genesis 2:9	OT	Genesis	2	9	Out of the ground YHWH Elohim made every tree to grow that is pleasant to the sight, and good for food, including the tree of life in the middle of the garden and the tree of the knowledge of good and evil.	Out of the ground YHWH Elohim made every tree to grow that is pleasant to the sight, and good for food, including the tree of life in the middle of the garden and the tree of the knowledge of good and brokenness.	Out of the ground YHWH Elohim made every tree to grow that is pleasant to the sight, and good for food, including the tree of life in the middle of the garden and the tree of the knowledge of good and evil.	yes	
Genesis 2:17	OT	Genesis	2	17	but you shall not eat of the tree of the knowledge of good and evil; for in the day that you eat of it, you will surely die.”	but you shall not eat of the tree of the knowledge of good and brokenness; for in the day that you eat of it, you will surely die.”	but you shall not eat of the tree of the knowledge of good and evil; for in the day that you eat of it, you will surely die.”	yes	
Genesis 3:5	OT	Genesis	3	5	for Elohim knows that in the day you eat it, your eyes will be opened, and you will be like Elohim, knowing good and evil.”	for Elohim knows that in the day you eat it, your eyes will be opened, and you will be like Elohim, knowing good and brokenness.”	for Elohim knows that in the day you eat it, your eyes will be opened, and you will be like Elohim, knowing good and evil.”	yes	
Genesis 3:22	OT	Genesis	3	22	YHWH Elohim said, “Look, the man has become like one of us, knowing good and evil. Now, lest the man reach out a hand, and also take of the tree of life, and eat, and live forever—”	YHWH Elohim said, “Look, the man has become like one of us, knowing good and brokenness. Now, lest the man reach out a hand, and also take of the tree of life, and eat, and live forever—”	YHWH Elohim said, “Look, the man has become like one of us, knowing good and evil. Now, lest the man reach out a hand, and also take of the tree of life, and eat, and live forever—”	yes	
Genesis 6:5	OT	Genesis	6	5	YHWH saw that human wickedness was great in the earth, and that every imagination of the thoughts of the human heart was continually only evil.	YHWH saw that human wickedness was great in the earth, and that every imagination of the thoughts of the human heart was continually only brokenness.	YHWH saw that human wickedness was great in the earth, and that every imagination of the thoughts of the human heart was continually only evil.	yes	
Genesis 8:21	OT	Genesis	8	21	YHWH smelled the pleasant aroma. YHWH said in YHWH’s heart, “I will not again curse the ground any more for humanity’s sake because the imagination of the human heart inclines toward evil from youth. I will never again strike every living thing, as I have done.	YHWH smelled the pleasant aroma. YHWH said in YHWH’s heart, “I will not again curse the ground any more for humanity’s sake because the imagination of the human heart is brokenness from youth. I will never again strike every living thing, as I have done.	YHWH smelled the pleasant aroma. YHWH said in YHWH’s heart, “I will not again curse the ground any more for humanity’s sake because the imagination of the human heart inclines toward evil from youth. I will never again strike every living thing, as I have done.	yes	
Genesis 44:4	OT	Genesis	44	4	When they had gone out of the city, and were not yet far off, Yosef said to his steward, “Up, follow after the men. When you overtake them, ask them, ‘Why have you rewarded evil for good?	When they had gone out of the city, and were not yet far off, Yosef said to his steward, “Up, follow after the men. When you overtake them, ask them, ‘Why have you rewarded brokenness for good?	When they had gone out of the city, and were not yet far off, Yosef said to his steward, “Up, follow after the men. When you overtake them, ask them, ‘Why have you rewarded evil for good?	yes	
Numbers 11:1	OT	Numbers	11	1	The people were as murmurers, [speaking] evil in the ears of YHWH: and when YHWH heard it, YHWH’s anger was kindled; and the fire of YHWH burnt among them, and devoured in the uttermost part of the camp.	The people were as murmurers, [speaking] brokenness in the ears of YHWH: and when YHWH heard it, YHWH’s anger was kindled; and the fire of YHWH burnt among them, and devoured in the uttermost part of the camp.	The people were as murmurers, [speaking] evil in the ears of YHWH: and when YHWH heard it, YHWH’s anger was kindled; and the fire of YHWH burnt among them, and devoured in the uttermost part of the camp.	yes	
Deuteronomy 1:39	OT	Deuteronomy	1	39	Moreover your little ones, whom you said should be a prey, and your children, who this day have no knowledge of good or evil, they shall go in there, and to them will I give it, and they shall possess it.	Moreover your little ones, whom you said should be a prey, and your children, who this day have no knowledge of good or brokenness, they shall go in there, and to them will I give it, and they shall possess it.	Moreover your little ones, whom you said should be a prey, and your children, who this day have no knowledge of good or evil, they shall go in there, and to them will I give it, and they shall possess it.	yes	
Deuteronomy 13:5	OT	Deuteronomy	13	5	That prophet, or that dreamer of dreams, shall be put to death, because he has spoken rebellion against YHWH your God, who brought you out of the land of Mitzrayim, and redeemed you out of the house of bondage, to draw you aside out of the way which YHWH your God commanded you to walk in. So shall you put away the evil from the midst of you.	That prophet, or that dreamer of dreams, shall be put to death, because he has spoken rebellion against YHWH your God, who brought you out of the land of Mitzrayim, and redeemed you out of the house of bondage, to draw you aside out of the way which YHWH your God commanded you to walk in. So shall you put away the brokenness from the midst of you.	That prophet, or that dreamer of dreams, shall be put to death, because he has spoken rebellion against YHWH your God, who brought you out of the land of Mitzrayim, and redeemed you out of the house of bondage, to draw you aside out of the way which YHWH your God commanded you to walk in. So shall you put away the evil from the midst of you.	yes	
Deuteronomy 17:1	OT	Deuteronomy	17	1	You shall not sacrifice to YHWH your God an ox, or a sheep, in which is a blemish, [or] anything evil; for that is an abomination to YHWH your God.	You shall not sacrifice to YHWH your God an ox, or a sheep, in which is a blemish, [or] anything brokenness; for that is an abomination to YHWH your God.	You shall not sacrifice to YHWH your God an ox, or a sheep, in which is a blemish, [or] anything evil; for that is an abomination to YHWH your God.	yes	
Deuteronomy 17:7	OT	Deuteronomy	17	7	The hand of the witnesses shall be first on him to put him to death, and afterward the hand of all the people. So you shall put away the evil from the midst of you.	The hand of the witnesses shall be first on him to put him to death, and afterward the hand of all the people. So you shall put away the brokenness from the midst of you.	The hand of the witnesses shall be first on him to put him to death, and afterward the hand of all the people. So you shall put away the evil from the midst of you.	yes	
Deuteronomy 17:12	OT	Deuteronomy	17	12	The one who does presumptuously, in not listening to the priest who stands to minister there before YHWH your God, or to the judge, even that man shall die: and you shall put away the evil from Israel.	The one who does presumptuously, in not listening to the priest who stands to minister there before YHWH your God, or to the judge, even that man shall die: and you shall put away the brokenness from Israel.	The one who does presumptuously, in not listening to the priest who stands to minister there before YHWH your God, or to the judge, even that man shall die: and you shall put away the evil from Israel.	yes	
Deuteronomy 19:19	OT	Deuteronomy	19	19	then shall you do to him, as he had thought to do to his brother: so shall you put away the evil from the midst of you.	then shall you do to him, as he had thought to do to his brother: so shall you put away the brokenness from the midst of you.	then shall you do to him, as he had thought to do to his brother: so shall you put away the evil from the midst of you.	yes	
Deuteronomy 19:20	OT	Deuteronomy	19	20	Those who remain shall hear, and fear, and shall henceforth commit no more any such evil in the midst of you.	Those who remain shall hear, and fear, and shall henceforth commit no more any such brokenness in the midst of you.	Those who remain shall hear, and fear, and shall henceforth commit no more any such evil in the midst of you.	yes	
Deuteronomy 21:21	OT	Deuteronomy	21	21	All the men of his city shall stone him to death with stones: so shall you put away the evil from the midst of you; and all Israel shall hear, and fear.	All the men of his city shall stone him to death with stones: so shall you put away the brokenness from the midst of you; and all Israel shall hear, and fear.	All the men of his city shall stone him to death with stones: so shall you put away the evil from the midst of you; and all Israel shall hear, and fear.	yes	
Deuteronomy 22:21	OT	Deuteronomy	22	21	then they shall bring out the young lady to the door of her father's house, and the men of her city shall stone her to death with stones, because she has done folly in Israel, to play the prostitute in her father's house: so shall you put away the evil from the midst of you.	then they shall bring out the young lady to the door of her father's house, and the men of her city shall stone her to death with stones, because she has done folly in Israel, to play the prostitute in her father's house: so shall you put away the brokenness from the midst of you.	then they shall bring out the young lady to the door of her father's house, and the men of her city shall stone her to death with stones, because she has done folly in Israel, to play the prostitute in her father's house: so shall you put away the evil from the midst of you.	yes	
Deuteronomy 22:22	OT	Deuteronomy	22	22	If someone be found lying with a woman married to a husband, then they shall both of them die, the one who lay with the woman, and the woman: so shall you put away the evil from Israel.	If someone be found lying with a woman married to a husband, then they shall both of them die, the one who lay with the woman, and the woman: so shall you put away the brokenness from Israel.	If someone be found lying with a woman married to a husband, then they shall both of them die, the one who lay with the woman, and the woman: so shall you put away the evil from Israel.	yes	
Deuteronomy 22:24	OT	Deuteronomy	22	24	then you shall bring them both out to the gate of that city, and you shall stone them to death with stones; the lady, because she didn't cry, being in the city; and the person, because they have humbled their neighbor's wife: so you shall put away the evil from the midst of you.	then you shall bring them both out to the gate of that city, and you shall stone them to death with stones; the lady, because she didn't cry, being in the city; and the person, because they have humbled their neighbor's wife: so you shall put away the brokenness from the midst of you.	then you shall bring them both out to the gate of that city, and you shall stone them to death with stones; the lady, because she didn't cry, being in the city; and the person, because they have humbled their neighbor's wife: so you shall put away the evil from the midst of you.	yes	
Deuteronomy 24:7	OT	Deuteronomy	24	7	If someone be found stealing any of their brothers of the children of Israel, and they deal with them as a slave, or sell them; then that thief shall die: so shall you put away the evil from the midst of you.	If someone be found stealing any of their brothers of the children of Israel, and they deal with him as a slave, or sell him; then that thief shall die: so shall you put away the brokenness from the midst of you.	If someone be found stealing any of their brothers of the children of Israel, and they deal with them as a slave, or sell them; then that thief shall die: so shall you put away the evil from the midst of you.	yes	
Deuteronomy 30:15	OT	Deuteronomy	30	15	Behold, I have set before you this day life and good, and death and evil;	Behold, I have set before you this day life and good, and death and brokenness;	Behold, I have set before you this day life and good, and death and evil;	yes	
Deuteronomy 31:18	OT	Deuteronomy	31	18	I will surely hide my face in that day for all the evil which they shall have worked, in that they are turned to other gods.	I will surely hide my face in that day for all the brokenness which they shall have worked, in that they are turned to other gods.	I will surely hide my face in that day for all the evil which they shall have worked, in that they are turned to other gods.	yes	
Judges 20:13	OT	Judges	20	13	Now therefore deliver up the men, the base fellows, who are in Gibeah, that we may put them to death, and put away evil from Israel. But Binyamin would not listen to the voice of their brothers the children of Israel.	Now therefore deliver up the men, the base fellows, who are in Gibeah, that we may put them to death, and put away brokenness from Israel. But Binyamin would not listen to the voice of their brothers the children of Israel.	Now therefore deliver up the men, the base fellows, who are in Gibeah, that we may put them to death, and put away evil from Israel. But Binyamin would not listen to the voice of their brothers the children of Israel.	yes	
1 Samuel 6:9	OT	1 Samuel	6	9	"Behold; if it goes up by the way of its own border to Beit Shemesh, then he has done us this great evil: but if not, then we shall know that it is not his hand that struck us; it was a chance that happened to us."""	"Behold; if it goes up by the way of its own border to Beit Shemesh, then he has done us this great brokenness: but if not, then we shall know that it is not his hand that struck us; it was a chance that happened to us."""	"Behold; if it goes up by the way of its own border to Beit Shemesh, then he has done us this great evil: but if not, then we shall know that it is not his hand that struck us; it was a chance that happened to us."""	yes	
1 Samuel 12:19	OT	1 Samuel	12	19	All the people said to Shmuel, Pray for your servants to YHWH your God, that we not die; for we have added to all our sins [this] evil, to ask us a king.	All the people said to Shmuel, Pray for your servants to YHWH your God, that we not die; for we have added to all our sins [this] brokenness, to ask us a king.	All the people said to Shmuel, Pray for your servants to YHWH your God, that we not die; for we have added to all our sins [this] evil, to ask us a king.	yes	
1 Samuel 12:20	OT	1 Samuel	12	20	"Shmuel said to the people, ""Don't be afraid; you have indeed done all this evil; yet don't turn aside from following YHWH, but serve YHWH with all your heart:"	"Shmuel said to the people, ""Don't be afraid; you have indeed done all this brokenness; yet don't turn aside from following YHWH, but serve YHWH with all your heart:"	"Shmuel said to the people, ""Don't be afraid; you have indeed done all this evil; yet don't turn aside from following YHWH, but serve YHWH with all your heart:"	yes	
1 Samuel 24:11	OT	1 Samuel	24	11	Moreover, my father, behold, yes, see the skirt of your robe in my hand; for in that I cut off the skirt of your robe, and didn't kill you, know you and see that there is neither evil nor disobedience in my hand, and I have not sinned against you, though you hunt after my life to take it.	Moreover, my father, behold, yes, see the skirt of your robe in my hand; for in that I cut off the skirt of your robe, and didn't kill you, know you and see that there is neither brokenness nor disobedience in my hand, and I have not sinned against you, though you hunt after my life to take it.	Moreover, my father, behold, yes, see the skirt of your robe in my hand; for in that I cut off the skirt of your robe, and didn't kill you, know you and see that there is neither evil nor disobedience in my hand, and I have not sinned against you, though you hunt after my life to take it.	yes	
1 Samuel 24:17	OT	1 Samuel	24	17	He said to Dawid, You are more righteous than I; for you have rendered to me good, whereas I have rendered to you evil.	He said to Dawid, You are more righteous than I; for you have rendered to me good, whereas I have rendered to you brokenness.	He said to Dawid, You are more righteous than I; for you have rendered to me good, whereas I have rendered to you evil.	yes	
1 Samuel 25:21	OT	1 Samuel	25	21	Now Dawid had said, Surely in vain have I kept all that this fellow has in the wilderness, so that nothing was missed of all that pertained to him: and he has returned me evil for good.	Now Dawid had said, Surely in vain have I kept all that this fellow has in the wilderness, so that nothing was missed of all that pertained to him: and he has returned me brokenness for good.	Now Dawid had said, Surely in vain have I kept all that this fellow has in the wilderness, so that nothing was missed of all that pertained to him: and he has returned me evil for good.	yes	
1 Samuel 25:26	OT	1 Samuel	25	26	Now therefore, my lord, as YHWH lives, and as your soul lives, seeing YHWH has withheld you from blood guiltiness, and from avenging yourself with your own hand, now therefore let your enemies, and those who seek evil to my lord, be as Nabal.	Now therefore, my lord, as YHWH lives, and as your soul lives, seeing YHWH has withheld you from blood guiltiness, and from avenging yourself with your own hand, now therefore let your enemies, and those who seek brokenness to my lord, be as Nabal.	Now therefore, my lord, as YHWH lives, and as your soul lives, seeing YHWH has withheld you from blood guiltiness, and from avenging yourself with your own hand, now therefore let your enemies, and those who seek evil to my lord, be as Nabal.	yes	
2 Samuel 12:9	OT	2 Samuel	12	9	Why have you despised the word of YHWH, to do that which is evil in his sight? You have struck Uriyah the Hittite with the sword, and have taken his wife to be your wife, and have slain him with the sword of the children of Ammon.	Why have you despised the word of YHWH, to do that which is brokenness in his sight? You have struck Uriyah the Hittite with the sword, and have taken his wife to be your wife, and have slain him with the sword of the children of Ammon.	Why have you despised the word of YHWH, to do that which is evil in his sight? You have struck Uriyah the Hittite with the sword, and have taken his wife to be your wife, and have slain him with the sword of the children of Ammon.	yes	
1 Kings 3:9	OT	1 Kings	3	9	Give your servant therefore an understanding heart to judge your people, that I may discern between good and evil; for who is able to judge this your great people?	Give your servant therefore an understanding heart to judge your people, that I may discern between good and brokenness; for who is able to judge this your great people?	Give your servant therefore an understanding heart to judge your people, that I may discern between good and evil; for who is able to judge this your great people?	yes	
1 Kings 16:7	OT	1 Kings	16	7	Moreover by the prophet Yehu the son of Hanani came the word of YHWH against Baasha, and against his house, both because of all the evil that he did in the sight of YHWH, to provoke him to anger with the work of his hands, in being like the house of Yerovam, and because he struck him.	Moreover by the prophet Yehu the son of Hanani came the word of YHWH against Baasha, and against his house, both because of all the brokenness that he did in the sight of YHWH, to provoke him to anger with the work of his hands, in being like the house of Yerovam, and because he struck him.	Moreover by the prophet Yehu the son of Hanani came the word of YHWH against Baasha, and against his house, both because of all the evil that he did in the sight of YHWH, to provoke him to anger with the work of his hands, in being like the house of Yerovam, and because he struck him.	yes	
1 Kings 22:8	OT	1 Kings	22	8	"The king of Israel said to Yehoshafat, there is yet one man by whom we may inquire of YHWH, Micaiah the son of Imlah: but I hate him; for he does not prophesy good concerning me, but evil. Yehoshafat said, ""Don't let the king say so."""	"The king of Israel said to Yehoshafat, there is yet one man by whom we may inquire of YHWH, Micaiah the son of Imlah: but I hate him; for he does not prophesy good concerning me, but brokenness. Yehoshafat said, ""Don't let the king say so."""	"The king of Israel said to Yehoshafat, there is yet one man by whom we may inquire of YHWH, Micaiah the son of Imlah: but I hate him; for he does not prophesy good concerning me, but evil. Yehoshafat said, ""Don't let the king say so."""	yes	
1 Kings 22:18	OT	1 Kings	22	18	The king of Israel said to Yehoshafat, Didn't I tell you that he would not prophesy good concerning me, but evil?	The king of Israel said to Yehoshafat, Didn't I tell you that he would not prophesy good concerning me, but brokenness?	The king of Israel said to Yehoshafat, Didn't I tell you that he would not prophesy good concerning me, but evil?	yes	
2 Kings 8:12	OT	2 Kings	8	12	Hazael said, Why weeps my lord? He answered, Because I know the evil that you will do to the children of Israel: their strongholds will you set on fire, and their young people will you kill with the sword, and will dash in pieces their little ones, and rip up their women with child.	Hazael said, Why weeps my lord? He answered, Because I know the brokenness that you will do to the children of Israel: their strongholds will you set on fire, and their young people will you kill with the sword, and will dash in pieces their little ones, and rip up their women with child.	Hazael said, Why weeps my lord? He answered, Because I know the evil that you will do to the children of Israel: their strongholds will you set on fire, and their young people will you kill with the sword, and will dash in pieces their little ones, and rip up their women with child.	yes	
2 Kings 21:9	OT	2 Kings	21	9	But they didn't listen: and Menashe seduced them to do that which is evil more than did the nations whom YHWH destroyed before the children of Israel.	But they didn't listen: and Menashe seduced them to do that which is brokenness more than did the nations whom YHWH destroyed before the children of Israel.	But they didn't listen: and Menashe seduced them to do that which is evil more than did the nations whom YHWH destroyed before the children of Israel.	yes	
2 Chronicles 7:22	OT	2 Chronicles	7	22	They shall answer, Because they abandoned YHWH, the God of their fathers, who brought them forth out of the land of Mitzrayim, and laid hold on other gods, and worshiped them, and served them: therefore has he brought all this evil on them.	They shall answer, Because they abandoned YHWH, the God of their fathers, who brought them forth out of the land of Mitzrayim, and laid hold on other gods, and worshiped them, and served them: therefore has he brought all this brokenness on them.	They shall answer, Because they abandoned YHWH, the God of their fathers, who brought them forth out of the land of Mitzrayim, and laid hold on other gods, and worshiped them, and served them: therefore has he brought all this evil on them.	yes	
2 Chronicles 18:7	OT	2 Chronicles	18	7	The king of Israel said to Yehoshafat, There is yet one man by whom we may inquire of YHWH: but I hate him; for he never prophesies good concerning me, but always evil: the same is Micaiah the son of Imla. Yehoshafat said, Don't let the king say so.	The king of Israel said to Yehoshafat, There is yet one man by whom we may inquire of YHWH: but I hate him; for he never prophesies good concerning me, but always brokenness: the same is Micaiah the son of Imla. Yehoshafat said, Don't let the king say so.	The king of Israel said to Yehoshafat, There is yet one man by whom we may inquire of YHWH: but I hate him; for he never prophesies good concerning me, but always evil: the same is Micaiah the son of Imla. Yehoshafat said, Don't let the king say so.	yes	
2 Chronicles 18:17	OT	2 Chronicles	18	17	The king of Israel said to Yehoshafat, Didn't I tell you that he would not prophesy good concerning me, but evil?	The king of Israel said to Yehoshafat, Didn't I tell you that he would not prophesy good concerning me, but brokenness?	The king of Israel said to Yehoshafat, Didn't I tell you that he would not prophesy good concerning me, but evil?	yes	
Nehemiah 13:7	OT	Nehemiah	13	7	and I came to Yerushalayim, and understood the evil that Eliashib had done for Tobiah, in preparing him a chamber in the courts of the house of Elohim.	and I came to Yerushalayim, and understood the brokenness that Eliashib had done for Tobiah, in preparing him a chamber in the courts of the house of Elohim.	and I came to Yerushalayim, and understood the evil that Eliashib had done for Tobiah, in preparing him a chamber in the courts of the house of Elohim.	yes	
Nehemiah 13:27	OT	Nehemiah	13	27	Shall we then listen to you to do all this great evil, to trespass against our God in marrying foreign women?	Shall we then listen to you to do all this great brokenness, to trespass against our God in marrying foreign women?	Shall we then listen to you to do all this great evil, to trespass against our God in marrying foreign women?	yes	
Job 30:26	OT	Job	30	26	When I looked for good, then evil came; When I waited for light, there came darkness.	When I looked for good, then brokenness came; When I waited for light, there came darkness.	When I looked for good, then evil came; When I waited for light, there came darkness.	yes	
Job 31:29	OT	Job	31	29	"""If I have rejoiced at the destruction of the one who hated me, or lifted up myself when evil found him;"	"""If I have rejoiced at the destruction of the one who hated me, or lifted up myself when brokenness found him;"	"""If I have rejoiced at the destruction of the one who hated me, or lifted up myself when evil found him;"	yes	
Psalms 5:4	OT	Psalms	5	4	For you are not an Elohim who has pleasure in wickedness. evil can't live with you.	For you are not an Elohim who has pleasure in wickedness. Brokenness can't live with you.	For you are not an Elohim who has pleasure in wickedness. evil can't live with you.	yes	sentence-initial-lowercase-evil
Psalms 7:4	OT	Psalms	7	4	if I have rewarded evil to the one who was at peace with me (yes, if I have delivered the one who without cause was my adversary),	if I have rewarded brokenness to the one who was at peace with me (yes, if I have delivered the one who without cause was my adversary),	if I have rewarded evil to the one who was at peace with me (yes, if I have delivered the one who without cause was my adversary),	yes	
Psalms 15:3	OT	Psalms	15	3	The one who doesn't slander with their tongue, nor does evil to their friend, nor casts slurs against their fellow man;	The one who doesn't slander with their tongue, nor does brokenness to their friend, nor casts slurs against their fellow man;	The one who doesn't slander with their tongue, nor does evil to their friend, nor casts slurs against their fellow man;	yes	
Psalms 23:4	OT	Psalms	23	4	Even though I walk through the valley of the shadow of death, I will fear no evil, for you are with me. Your rod and your staff, they comfort me.	Even though I walk through the valley of the shadow of death, I will fear no brokenness, for you are with me. Your rod and your staff, they comfort me.	Even though I walk through the valley of the shadow of death, I will fear no evil, for you are with me. Your rod and your staff, they comfort me.	yes	
Psalms 34:21	OT	Psalms	34	21	evil shall kill the wicked. Those who hate the righteous shall be condemned.	Brokenness shall kill the wicked. Those who hate the righteous shall be condemned.	evil shall kill the wicked. Those who hate the righteous shall be condemned.	yes	sentence-initial-lowercase-evil
Psalms 35:12	OT	Psalms	35	12	They reward me evil for good, to the bereaving of my soul.	They reward me brokenness for good, to the bereaving of my soul.	They reward me evil for good, to the bereaving of my soul.	yes	
Psalms 36:4	OT	Psalms	36	4	They plot iniquity on their bed. They set themselves in a way that is not good. They don't abhor evil.	They plot iniquity on their bed. They set themselves in a way that is not good. They don't abhor brokenness.	They plot iniquity on their bed. They set themselves in a way that is not good. They don't abhor evil.	yes	
Psalms 37:8	OT	Psalms	37	8	Cease from anger, and forsake wrath. Don't fret, it leads only to acting from evil.	Cease from anger, and forsake wrath. Don't fret, it leads only to acting from brokenness.	Cease from anger, and forsake wrath. Don't fret, it leads only to acting from evil.	yes	
Psalms 37:19	OT	Psalms	37	19	They shall not be disappointed in the time of evil. In the days of famine they shall be satisfied.	They shall not be disappointed in the time of brokenness. In the days of famine they shall be satisfied.	They shall not be disappointed in the time of evil. In the days of famine they shall be satisfied.	yes	
Psalms 38:20	OT	Psalms	38	20	They who also render evil for good are adversaries to me, because I follow what is good.	They who also render brokenness for good are adversaries to me, because I follow what is good.	They who also render evil for good are adversaries to me, because I follow what is good.	yes	
Psalms 41:1	OT	Psalms	41	1	Blessed is the one who considers the poor. YHWH will deliver them in the day of evil.	Blessed is the one who considers the poor. YHWH will deliver them in the day of brokenness.	Blessed is the one who considers the poor. YHWH will deliver them in the day of evil.	yes	
Psalms 49:5	OT	Psalms	49	5	Why should I fear in the days of evil, when iniquity at my heels surrounds me?	Why should I fear in the days of brokenness, when iniquity at my heels surrounds me?	Why should I fear in the days of evil, when iniquity at my heels surrounds me?	yes	
Psalms 50:19	OT	Psalms	50	19	"""You give your mouth to evil. Your tongue frames deceit."	"""You give your mouth to brokenness. Your tongue frames deceit."	"""You give your mouth to evil. Your tongue frames deceit."	yes	
Psalms 51:4	OT	Psalms	51	4	Against you, and you only, have I sinned, and done that which is evil in your sight; that you may be proved right when you speak, and justified when you judge.	Against you, and you only, have I sinned, and done that which is brokenness in your sight; that you may be proved right when you speak, and justified when you judge.	Against you, and you only, have I sinned, and done that which is evil in your sight; that you may be proved right when you speak, and justified when you judge.	yes	
Psalms 52:3	OT	Psalms	52	3	You love evil more than good, lying rather than speaking the truth. Selah.	You love brokenness more than good, lying rather than speaking the truth. Selah.	You love evil more than good, lying rather than speaking the truth. Selah.	yes	
Psalms 54:5	OT	Psalms	54	5	YHWH will repay the evil to my enemies. Destroy them in your truth.	YHWH will repay the brokenness to my enemies. Destroy them in your truth.	YHWH will repay the evil to my enemies. Destroy them in your truth.	yes	
Psalms 56:5	OT	Psalms	56	5	All day long they twist my words. All their thoughts are against me for evil.	All day long they twist my words. All their thoughts are against me for brokenness.	All day long they twist my words. All their thoughts are against me for evil.	yes	
Psalms 64:5	OT	Psalms	64	5	"They encourage themselves in evil plans. They talk about laying snares secretly. They say, ""Who will see them?"""	"They encourage themselves in brokenness plans. They talk about laying snares secretly. They say, ""Who will see them?"""	"They encourage themselves in evil plans. They talk about laying snares secretly. They say, ""Who will see them?"""	yes	
Psalms 74:3	OT	Psalms	74	3	Lift up your feet to the perpetual ruins, all the evil that the enemy has done in the sanctuary.	Lift up your feet to the perpetual ruins, all the brokenness that the enemy has done in the sanctuary.	Lift up your feet to the perpetual ruins, all the evil that the enemy has done in the sanctuary.	yes	
Psalms 78:49	OT	Psalms	78	49	Elohim threw on them the fierceness of Elohim’s anger, wrath, indignation, and trouble, and a band of angels of evil.	Elohim threw on them the fierceness of Elohim’s anger, wrath, indignation, and trouble, and a band of angels of brokenness.	Elohim threw on them the fierceness of Elohim’s anger, wrath, indignation, and trouble, and a band of angels of evil.	yes	
Psalms 90:15	OT	Psalms	90	15	Make us glad for as many days as you have afflicted us, for as many years as we have seen evil.	Make us glad for as many days as you have afflicted us, for as many years as we have seen brokenness.	Make us glad for as many days as you have afflicted us, for as many years as we have seen evil.	yes	
Psalms 91:10	OT	Psalms	91	10	no evil shall happen to you, neither shall any plague come near your dwelling.	no brokenness shall happen to you, neither shall any plague come near your dwelling.	no evil shall happen to you, neither shall any plague come near your dwelling.	yes	
Psalms 97:10	OT	Psalms	97	10	You who love YHWH, hate evil. YHWH preserves the souls of YHWH’s saints. YHWH delivers them out of the hand of the wicked.	You who love YHWH, hate brokenness. YHWH preserves the souls of YHWH’s saints. YHWH delivers them out of the hand of the wicked.	You who love YHWH, hate evil. YHWH preserves the souls of YHWH’s saints. YHWH delivers them out of the hand of the wicked.	yes	
Psalms 101:4	OT	Psalms	101	4	A perverse heart will be far from me. I will have nothing to do with evil.	A perverse heart will be far from me. I will have nothing to do with brokenness.	A perverse heart will be far from me. I will have nothing to do with evil.	yes	
Psalms 140:8	OT	Psalms	140	8	YHWH, don't grant the desires of the wicked. Don't let their evil plans succeed, or they will become proud. Selah.	YHWH, don't grant the desires of the wicked. Don't let their brokenness plans succeed, or they will become proud. Selah.	YHWH, don't grant the desires of the wicked. Don't let their evil plans succeed, or they will become proud. Selah.	yes	
Psalms 140:11	OT	Psalms	140	11	A malicious speaker won't be established in the earth. Evil will hunt the violent person to overthrow them.	A brokenness speaker won't be established in the earth. Brokenness will hunt the violent man to overthrow him.	A malicious speaker won't be established in the earth. Evil will hunt the violent person to overthrow them.	yes	
Proverbs 1:16	OT	Proverbs	1	16	for their feet run to evil. They hurry to shed blood.	for their feet run to brokenness. They hurry to shed blood.	for their feet run to evil. They hurry to shed blood.	yes	
Proverbs 2:12	OT	Proverbs	2	12	to deliver you from the way of evil, from the people who speak perverse things;	to deliver you from the way of brokenness, from the people who speak perverse things;	to deliver you from the way of evil, from the people who speak perverse things;	yes	
Proverbs 2:14	OT	Proverbs	2	14	who rejoice to do wrong, and delight in the perverseness of evil;	who rejoice to do brokenness, and delight in the perverseness of brokenness;	who rejoice to do wrong, and delight in the perverseness of evil;	yes	
Proverbs 8:13	OT	Proverbs	8	13	Reverence for YHWH is to hate evil. I hate pride, arrogance, the wrong way, and the perverse mouth.	Reverence for YHWH is to hate brokenness. I hate pride, arrogance, the broken way, and the perverse mouth.	Reverence for YHWH is to hate evil. I hate pride, arrogance, the wrong way, and the perverse mouth.	yes	
Proverbs 11:19	OT	Proverbs	11	19	The one who is truly righteous gets life. The one who pursues evil gets death.	The one who is truly righteous gets life. The one who pursues brokenness gets death.	The one who is truly righteous gets life. The one who pursues evil gets death.	yes	
Proverbs 11:27	OT	Proverbs	11	27	The one who diligently seeks good seeks favor, but the one who searches after evil, it shall come to them.	The one who diligently seeks good seeks favor, but the one who searches after brokenness, it shall come to them.	The one who diligently seeks good seeks favor, but the one who searches after evil, it shall come to them.	yes	
Proverbs 12:21	OT	Proverbs	12	21	No mischief shall happen to the righteous, but the wicked shall be filled with evil.	No mischief shall happen to the righteous, but the wicked shall be filled with brokenness.	No mischief shall happen to the righteous, but the wicked shall be filled with evil.	yes	
Proverbs 14:16	OT	Proverbs	14	16	A wise person fears, and shuns evil, but the fool is hotheaded and reckless.	A wise person fears, and shuns brokenness, but the fool is hotheaded and reckless.	A wise person fears, and shuns evil, but the fool is hotheaded and reckless.	yes	
Proverbs 15:3	OT	Proverbs	15	3	YHWH's eyes are everywhere, keeping watch on the evil and the good.	YHWH's eyes are everywhere, keeping watch on the brokenness and the good.	YHWH's eyes are everywhere, keeping watch on the evil and the good.	yes	
Proverbs 15:28	OT	Proverbs	15	28	The heart of the righteous weighs answers, but the mouth of the wicked gushes out evil.	The heart of the righteous weighs answers, but the mouth of the wicked gushes out brokenness.	The heart of the righteous weighs answers, but the mouth of the wicked gushes out evil.	yes	
Proverbs 16:4	OT	Proverbs	16	4	YHWH has made everything for its own end--yes, even the wicked for the day of evil.	YHWH has made everything for its own end--yes, even the wicked for the day of brokenness.	YHWH has made everything for its own end--yes, even the wicked for the day of evil.	yes	
Proverbs 16:30	OT	Proverbs	16	30	One who winks their eyes to plot perversities, one who compresses their lips, is bent on evil.	One who winks their eyes to plot perversities, one who compresses their lips, is bent on brokenness.	One who winks their eyes to plot perversities, one who compresses their lips, is bent on evil.	yes	
Proverbs 17:13	OT	Proverbs	17	13	Whoever rewards evil for good, evil shall not depart from their house.	Whoever rewards brokenness for good, brokenness shall not depart from their house.	Whoever rewards evil for good, evil shall not depart from their house.	yes	
Proverbs 20:8	OT	Proverbs	20	8	A king who sits on the throne of judgment scatters away all evil with his eyes.	A king who sits on the throne of judgment scatters away all brokenness with his eyes.	A king who sits on the throne of judgment scatters away all evil with his eyes.	yes	
Proverbs 20:22	OT	Proverbs	20	22	"Don't say, ""I will pay back evil."" Wait for YHWH, and YHWH will save you."	"Don't say, ""I will pay back brokenness."" Wait for YHWH, and YHWH will save you."	"Don't say, ""I will pay back evil."" Wait for YHWH, and YHWH will save you."	yes	
Proverbs 20:30	OT	Proverbs	20	30	Wounding blows cleanse away evil, and beatings purge the innermost parts.	Wounding blows cleanse away brokenness, and beatings purge the innermost parts.	Wounding blows cleanse away evil, and beatings purge the innermost parts.	yes	
Proverbs 21:10	OT	Proverbs	21	10	The soul of the wicked desires evil; their neighbor finds no mercy in their eyes.	The soul of the wicked desires brokenness; their neighbor finds no mercy in their eyes.	The soul of the wicked desires evil; their neighbor finds no mercy in their eyes.	yes	
Isaiah 5:20	OT	Isaiah	5	20	Woe to those who call evil good, and good evil; who put darkness for light, and light for darkness; who put bitter for sweet, and sweet for bitter!	Woe to those who call brokenness good, and good brokenness; who put darkness for light, and light for darkness; who put bitter for sweet, and sweet for bitter!	Woe to those who call evil good, and good evil; who put darkness for light, and light for darkness; who put bitter for sweet, and sweet for bitter!	yes	
Isaiah 7:15	OT	Isaiah	7	15	He shall eat butter and honey when he knows to refuse the evil, and choose the good.	He shall eat butter and honey when he knows to refuse the brokenness, and choose the good.	He shall eat butter and honey when he knows to refuse the evil, and choose the good.	yes	
Isaiah 7:16	OT	Isaiah	7	16	For before the child knows to refuse the evil, and choose the good, the land whose two kings you abhor shall be forsaken.	For before the child knows to refuse the brokenness, and choose the good, the land whose two kings you abhor shall be forsaken.	For before the child knows to refuse the evil, and choose the good, the land whose two kings you abhor shall be forsaken.	yes	
Isaiah 13:11	OT	Isaiah	13	11	I will punish the world for their evil, and the wicked for their iniquity. I will cause the arrogance of the proud to cease, and will humble the haughtiness of the terrible.	I will punish the world for their brokenness, and the wicked for their iniquity. I will cause the arrogance of the proud to cease, and will humble the haughtiness of the terrible.	I will punish the world for their evil, and the wicked for their iniquity. I will cause the arrogance of the proud to cease, and will humble the haughtiness of the terrible.	yes	
Isaiah 32:7	OT	Isaiah	32	7	The ways of the scoundrel are evil. He devises wicked devices to destroy the humble with lying words, even when the needy speaks right.	The ways of the scoundrel are brokenness. He devises wicked devices to destroy the humble with lying words, even when the needy speaks right.	The ways of the scoundrel are evil. He devises wicked devices to destroy the humble with lying words, even when the needy speaks right.	yes	
Isaiah 33:15	OT	Isaiah	33	15	The one who walks righteously, and speaks blamelessly; The one who despises the gain of oppressions, who gestures with their hands, refusing to take a bribe, who stops their ears from hearing of blood, and shuts their eyes from looking at evil--	The one who walks righteously, and speaks blamelessly; The one who despises the gain of oppressions, who gestures with their hands, refusing to take a bribe, who stops their ears from hearing of blood, and shuts their eyes from looking at brokenness--	The one who walks righteously, and speaks blamelessly; The one who despises the gain of oppressions, who gestures with their hands, refusing to take a bribe, who stops their ears from hearing of blood, and shuts their eyes from looking at evil--	yes	terminal-punctuation-review
Isaiah 56:2	OT	Isaiah	56	2	Blessed is the one who does this, and the child of humanity who holds it fast; who keeps the Sabbath from profaning it, and keeps his hand from doing any evil.	Blessed is the one who does this, and the child of humanity who holds it fast; who keeps the Sabbath from profaning it, and keeps his hand from doing any brokenness.	Blessed is the one who does this, and the child of humanity who holds it fast; who keeps the Sabbath from profaning it, and keeps his hand from doing any evil.	yes	
Isaiah 59:7	OT	Isaiah	59	7	Their feet run to evil, and they make haste to shed innocent blood: their thoughts are thoughts of iniquity; desolation and destruction are in their paths.	Their feet run to brokenness, and they make haste to shed innocent blood: their thoughts are thoughts of iniquity; desolation and destruction are in their paths.	Their feet run to evil, and they make haste to shed innocent blood: their thoughts are thoughts of iniquity; desolation and destruction are in their paths.	yes	
Jeremiah 1:14	OT	Jeremiah	1	14	Then YHWH said to me, Out of the north evil shall break forth on all the inhabitants of the land.	Then YHWH said to me, Out of the north brokenness shall break forth on all the inhabitants of the land.	Then YHWH said to me, Out of the north evil shall break forth on all the inhabitants of the land.	yes	
Jeremiah 2:13	OT	Jeremiah	2	13	For my people have committed two acts of evil: they have forsaken me, the spring of living waters, and hewed them out cisterns, broken cisterns, that can hold no water.	For my people have committed two acts of brokenness: they have forsaken me, the spring of living waters, and hewed them out cisterns, broken cisterns, that can hold no water.	For my people have committed two acts of evil: they have forsaken me, the spring of living waters, and hewed them out cisterns, broken cisterns, that can hold no water.	yes	
Jeremiah 4:6	OT	Jeremiah	4	6	Set up a standard toward Tzion: flee for safety, don't stay; for I will bring evil from the north, and a great destruction.	Set up a standard toward Tzion: flee for safety, don't stay; for I will bring brokenness from the north, and a great destruction.	Set up a standard toward Tzion: flee for safety, don't stay; for I will bring evil from the north, and a great destruction.	yes	
Jeremiah 4:15	OT	Jeremiah	4	15	For a voice declares from Dan, and publishes evil from the hills of Efrayim:	For a voice declares from Dan, and publishes brokenness from the hills of Efrayim:	For a voice declares from Dan, and publishes evil from the hills of Efrayim:	yes	
Jeremiah 5:12	OT	Jeremiah	5	12	They have denied YHWH, and said, It is not YHWH; neither shall evil come on us; neither shall we see sword nor famine:	They have denied YHWH, and said, It is not YHWH; neither shall brokenness come on us; neither shall we see sword nor famine:	They have denied YHWH, and said, It is not YHWH; neither shall evil come on us; neither shall we see sword nor famine:	yes	
Jeremiah 11:17	OT	Jeremiah	11	17	For YHWH of Armies, who planted you, has pronounced harm against you, because of the evil of the house of Israel and of the house of Yehudah, which they have worked for themselves in provoking me to anger by offering incense to Baal.	For YHWH of Armies, who planted you, has pronounced brokenness against you, because of the brokenness of the house of Israel and of the house of Yehudah, which they have worked for themselves in provoking me to anger by offering incense to Baal.	For YHWH of Armies, who planted you, has pronounced harm against you, because of the evil of the house of Israel and of the house of Yehudah, which they have worked for themselves in provoking me to anger by offering incense to Baal.	yes	
Jeremiah 15:11	OT	Jeremiah	15	11	YHWH said, Most certainly I will strengthen you for good; most certainly I will cause the enemy to make supplication to you in the time of evil and in the time of affliction.	YHWH said, Most certainly I will strengthen you for good; most certainly I will cause the enemy to make supplication to you in the time of brokenness and in the time of affliction.	YHWH said, Most certainly I will strengthen you for good; most certainly I will cause the enemy to make supplication to you in the time of evil and in the time of affliction.	yes	
Jeremiah 17:17	OT	Jeremiah	17	17	Don't be a terror to me: you are my refuge in the day of evil.	Don't be a terror to me: you are my refuge in the day of brokenness.	Don't be a terror to me: you are my refuge in the day of evil.	yes	
Jeremiah 17:18	OT	Jeremiah	17	18	Let them be disappointed who persecute me, but let not me be disappointed; let them be dismayed, but don't let me be dismayed; bring on them the day of evil, and destroy them with double destruction.	Let them be disappointed who persecute me, but let not me be disappointed; let them be dismayed, but don't let me be dismayed; bring on them the day of brokenness, and destroy them with double destruction.	Let them be disappointed who persecute me, but let not me be disappointed; let them be dismayed, but don't let me be dismayed; bring on them the day of evil, and destroy them with double destruction.	yes	
Jeremiah 18:8	OT	Jeremiah	18	8	if that nation, concerning which I have spoken, turn from their evil, I will relent from the evil that I thought to do to them.	if that nation, concerning which I have spoken, turn from their brokenness, I will relent from the brokenness that I thought to do to them.	if that nation, concerning which I have spoken, turn from their evil, I will relent from the evil that I thought to do to them.	yes	
Jeremiah 18:20	OT	Jeremiah	18	20	Shall evil be recompensed for good? for they have dug a pit for my soul. Remember how I stood before you to speak good for them, to turn away your wrath from them.	Shall brokenness be recompensed for good? for they have dug a pit for my soul. Remember how I stood before you to speak good for them, to turn away your wrath from them.	Shall evil be recompensed for good? for they have dug a pit for my soul. Remember how I stood before you to speak good for them, to turn away your wrath from them.	yes	
Jeremiah 42:6	OT	Jeremiah	42	6	Whether it be good, or whether it be evil, we will obey the voice of YHWH our God, to whom we send you; that it may be well with us, when we obey the voice of YHWH our God.	Whether it be good, or whether it be brokenness, we will obey the voice of YHWH our God, to whom we send you; that it may be well with us, when we obey the voice of YHWH our God.	Whether it be good, or whether it be evil, we will obey the voice of YHWH our God, to whom we send you; that it may be well with us, when we obey the voice of YHWH our God.	yes	
Jeremiah 44:2	OT	Jeremiah	44	2	Thus says YHWH of Armies, the God of Israel: You have seen all the evil that I have brought on Yerushalayim, and on all the cities of Yehudah; and behold, this day they are a desolation, and no one dwells therein,	Thus says YHWH of Armies, the God of Israel: You have seen all the brokenness that I have brought on Yerushalayim, and on all the cities of Yehudah; and behold, this day they are a desolation, and no one dwells therein,	Thus says YHWH of Armies, the God of Israel: You have seen all the evil that I have brought on Yerushalayim, and on all the cities of Yehudah; and behold, this day they are a desolation, and no one dwells therein,	yes	
Jeremiah 44:11	OT	Jeremiah	44	11	Therefore thus says YHWH of Armies, the God of Israel: Behold, I will set my face against you for evil, even to cut off all Yehudah.	Therefore thus says YHWH of Armies, the God of Israel: Behold, I will set my face against you for brokenness, even to cut off all Yehudah.	Therefore thus says YHWH of Armies, the God of Israel: Behold, I will set my face against you for evil, even to cut off all Yehudah.	yes	
Jeremiah 44:17	OT	Jeremiah	44	17	But we will certainly perform every word that is gone forth out of our mouth, to burn incense to the queen of the sky, and to pour out drink offerings to her, as we have done, we and our fathers, our kings and our princes, in the cities of Yehudah, and in the streets of Yerushalayim; for then had we plenty of food, and were well, and saw no evil.	But we will certainly perform every word that is gone forth out of our mouth, to burn incense to the queen of the sky, and to pour out drink offerings to her, as we have done, we and our fathers, our kings and our princes, in the cities of Yehudah, and in the streets of Yerushalayim; for then had we plenty of food, and were well, and saw no brokenness.	But we will certainly perform every word that is gone forth out of our mouth, to burn incense to the queen of the sky, and to pour out drink offerings to her, as we have done, we and our fathers, our kings and our princes, in the cities of Yehudah, and in the streets of Yerushalayim; for then had we plenty of food, and were well, and saw no evil.	yes	
Jeremiah 51:24	OT	Jeremiah	51	24	I will render to Bavel and to all the inhabitants of Chaldea all their evil that they have done in Tzion in your sight, says YHWH.	I will render to Bavel and to all the inhabitants of Chaldea all their brokenness that they have done in Tzion in your sight, says YHWH.	I will render to Bavel and to all the inhabitants of Chaldea all their evil that they have done in Tzion in your sight, says YHWH.	yes	
Ezekiel 6:10	OT	Ezekiel	6	10	They shall know that I am YHWH: I have not said in vain that I would do this evil to them.	They shall know that I am YHWH: I have not said in vain that I would do this brokenness to them.	They shall know that I am YHWH: I have not said in vain that I would do this evil to them.	yes	
Ezekiel 6:11	OT	Ezekiel	6	11	Thus says YHWH God: Smite with your hand, and stamp with your foot, and say, Alas! because of all the evil abominations of the house of Israel; for they shall fall by the sword, by the famine, and by the pestilence.	Thus says YHWH God: Smite with your hand, and stamp with your foot, and say, Alas! because of all the brokenness abominations of the house of Israel; for they shall fall by the sword, by the famine, and by the pestilence.	Thus says YHWH God: Smite with your hand, and stamp with your foot, and say, Alas! because of all the evil abominations of the house of Israel; for they shall fall by the sword, by the famine, and by the pestilence.	yes	
Ezekiel 38:10	OT	Ezekiel	38	10	Thus says YHWH God: It shall happen in that day, that things shall come into your mind, and you shall devise an evil plan:	Thus says YHWH God: It shall happen in that day, that things shall come into your mind, and you shall devise a brokenness device:	Thus says YHWH God: It shall happen in that day, that things shall come into your mind, and you shall devise an evil plan:	yes	
Amos 5:14	OT	Amos	5	14	Seek good, and not evil, that you may live; and so YHWH, the God of Armies, will be with you, as you say.	Seek good, and not brokenness, that you may live; and so YHWH, the God of Armies, will be with you, as you say.	Seek good, and not evil, that you may live; and so YHWH, the God of Armies, will be with you, as you say.	yes	
Amos 5:15	OT	Amos	5	15	"Hate evil, love good, and establish justice in the courts. It may be that YHWH, the God of Armies, will be gracious to the remnant of Yosef."""	"Hate brokenness, love good, and establish justice in the courts. It may be that YHWH, the God of Armies, will be gracious to the remnant of Yosef."""	"Hate evil, love good, and establish justice in the courts. It may be that YHWH, the God of Armies, will be gracious to the remnant of Yosef."""	yes	
Micah 3:4	OT	Micah	3	4	"Then they will cry to YHWH, but YHWH will not answer them. Yes, YHWH will hide YHWH’s face from them at that time, because their deeds were evil."""	"Then they will cry to YHWH, but YHWH will not answer them. Yes, YHWH will hide YHWH’s face from them at that time, because they made their deeds brokenness."""	"Then they will cry to YHWH, but YHWH will not answer them. Yes, YHWH will hide YHWH’s face from them at that time, because their deeds were evil."""	yes	
Micah 7:3	OT	Micah	7	3	Their hands are on that which is evil to do it diligently. The ruler and judge ask for a bribe; and the powerful man dictates the broken desire of his soul. Thus they conspire together.	Their hands are on that which is brokenness to do it diligently. The ruler and judge ask for a bribe; and the powerful man dictates the broken desire of his soul. Thus they conspire together.	Their hands are on that which is evil to do it diligently. The ruler and judge ask for a bribe; and the powerful man dictates the broken desire of his soul. Thus they conspire together.	yes	
Habakkuk 1:13	OT	Habakkuk	1	13	You who have purer eyes than to see evil, and who cannot look on perversity, why do you tolerate those who deal treacherously, and keep silent when the wicked swallows up the one who is more righteous than they,	You who have purer eyes than to see brokenness, and who cannot look on perversity, why do you tolerate those who deal treacherously, and keep silent when the wicked swallows up the one who is more righteous than they,	You who have purer eyes than to see evil, and who cannot look on perversity, why do you tolerate those who deal treacherously, and keep silent when the wicked swallows up the one who is more righteous than they,	yes	
Habakkuk 2:9	OT	Habakkuk	2	9	Woe to the one who gets dishonest gain for their house, that they may set their nest on high, that they may be delivered from the hand of evil!	Woe to the one who gets a brokenness gain for their house, that they may set their nest on high, that they may be delivered from the hand of brokenness!	Woe to the one who gets dishonest gain for their house, that they may set their nest on high, that they may be delivered from the hand of evil!	yes	
Zephaniah 3:15	OT	Zephaniah	3	15	YHWH has taken away your judgments. YHWH has thrown out your enemy. The King of Israel, YHWH, is in the midst of you. You will not be afraid of evil any more.	YHWH has taken away your judgments. YHWH has thrown out your enemy. The King of Israel, YHWH, is in the midst of you. You will not be afraid of brokenness any more.	YHWH has taken away your judgments. YHWH has thrown out your enemy. The King of Israel, YHWH, is in the midst of you. You will not be afraid of evil any more.	yes	
Zechariah 1:4	OT	Zechariah	1	4	Don't you be like your fathers, to whom the former prophets proclaimed, saying: Thus says YHWH of Armies, 'Return now from your wrong ways, and from your evil doings;' but they did not hear, nor listen to me, says YHWH.	Don't you be like your fathers, to whom the former prophets proclaimed, saying: Thus says YHWH of Armies, 'Return now from your broken ways, and from your brokenness doings;' but they did not hear, nor listen to me, says YHWH.	Don't you be like your fathers, to whom the former prophets proclaimed, saying: Thus says YHWH of Armies, 'Return now from your wrong ways, and from your evil doings;' but they did not hear, nor listen to me, says YHWH.	yes	
Malachi 1:8	OT	Malachi	1	8	"When you offer the blind for sacrifice, isn't that evil? And when you offer the lame and sick, isn't that evil? Present it now to your governor! Will he be pleased with you? Or will he accept your person?"" says YHWH of Armies."	"When you offer the blind for sacrifice, isn't that brokenness? And when you offer the lame and sick, isn't that brokenness? Present it now to your governor! Will he be pleased with you? Or will he accept your person?"" says YHWH of Armies."	"When you offer the blind for sacrifice, isn't that evil? And when you offer the lame and sick, isn't that evil? Present it now to your governor! Will he be pleased with you? Or will he accept your person?"" says YHWH of Armies."	yes	
Malachi 2:17	OT	Malachi	2	17	You have wearied YHWH with your words. Yet you say, 'How have we wearied YHWH?' In that you say, 'Everyone who does evil is good in the sight of YHWH, and they delights in them;' or 'Where is the God of justice?'	You have wearied YHWH with your words. Yet you say, 'How have we wearied YHWH?' In that you say, 'Everyone who does brokenness is good in the sight of YHWH, and they delights in them;' or 'Where is the God of justice?'	You have wearied YHWH with your words. Yet you say, 'How have we wearied YHWH?' In that you say, 'Everyone who does evil is good in the sight of YHWH, and they delights in them;' or 'Where is the God of justice?'	yes	
