reference	testament	current_verse	change_evil	proposed_form	proposed_verse	semantic_rationale	grammar_check	capitalization_check	spacing_punctuation_check	historical_pre_cleanup_text	reviewed	approved	editor_notes
Genesis 2:9	OT	Out of the ground YHWH Elohim made every tree to grow that is pleasant to the sight, and good for food, including the tree of life in the middle of the garden and the tree of the knowledge of good and evil.	YES	brokenness	Out of the ground YHWH Elohim made every tree to grow that is pleasant to the sight, and good for food, including the tree of life in the middle of the garden and the tree of the knowledge of good and brokenness.	Conceptual/moral abstract noun: restore brokenness where it is grammatical and preserves the project’s intended contrast.	PASS	PASS	PASS	Out of the ground YHWH Elohim made every tree to grow that is pleasant to the sight, and good for food, including the tree of life in the middle of the garden and the tree of the knowledge of good and brokenness.	☐	☐	
Genesis 2:17	OT	but you shall not eat of the tree of the knowledge of good and evil; for in the day that you eat of it, you will surely die.”	YES	brokenness	but you shall not eat of the tree of the knowledge of good and brokenness; for in the day that you eat of it, you will surely die.”	Conceptual/moral abstract noun: restore brokenness where it is grammatical and preserves the project’s intended contrast.	PASS	PASS	PASS	but you shall not eat of the tree of the knowledge of good and brokenness; for in the day that you eat of it, you will surely die.”	☐	☐	
Genesis 3:5	OT	for Elohim knows that in the day you eat it, your eyes will be opened, and you will be like Elohim, knowing good and evil.”	YES	brokenness	for Elohim knows that in the day you eat it, your eyes will be opened, and you will be like Elohim, knowing good and brokenness.”	Conceptual/moral abstract noun: restore brokenness where it is grammatical and preserves the project’s intended contrast.	PASS	PASS	PASS	for Elohim knows that in the day you eat it, your eyes will be opened, and you will be like Elohim, knowing good and brokenness.”	☐	☐	
Genesis 3:22	OT	YHWH Elohim said, “Look, the man has become like one of us, knowing good and evil. Now, lest the man reach out a hand, and also take of the tree of life, and eat, and live forever—”	YES	brokenness	YHWH Elohim said, “Look, the man has become like one of us, knowing good and brokenness. Now, lest the man reach out a hand, and also take of the tree of life, and eat, and live forever—”	Conceptual/moral abstract noun: restore brokenness where it is grammatical and preserves the project’s intended contrast.	PASS	PASS	PASS	YHWH Elohim said, “Look, the man has become like one of us, knowing good and brokenness. Now, lest the man reach out a hand, and also take of the tree of life, and eat, and live forever—”	☐	☐	
Genesis 6:5	OT	YHWH saw that human wickedness was great in the earth, and that every imagination of the thoughts of the human heart was continually only evil.	YES	brokenness	YHWH saw that human wickedness was great in the earth, and that every imagination of the thoughts of the human heart was continually only brokenness.	Conceptual/moral abstract noun: restore brokenness where it is grammatical and preserves the project’s intended contrast.	PASS	PASS	PASS	YHWH saw that human wickedness was great in the earth, and that every imagination of the thoughts of the human heart was continually only brokenness.	☐	☐	
Genesis 8:21	OT	YHWH smelled the pleasant aroma. YHWH said in YHWH’s heart, “I will not again curse the ground any more for humanity’s sake because the imagination of the human heart inclines toward evil from youth. I will never again strike every living thing, as I have done.	YES	brokenness	YHWH smelled the pleasant aroma. YHWH said in YHWH’s heart, “I will not again curse the ground any more for humanity’s sake because the imagination of the human heart inclines toward brokenness from youth. I will never again strike every living thing, as I have done.	Conceptual/moral abstract noun: restore brokenness where it is grammatical and preserves the project’s intended contrast.	PASS	PASS	PASS	YHWH smelled the pleasant aroma. YHWH said in YHWH’s heart, “I will not again curse the ground any more for humanity’s sake because the imagination of the human heart is brokenness from youth. I will never again strike every living thing, as I have done.	☐	☐	
Genesis 44:4	OT	When they had gone out of the city, and were not yet far off, Yosef said to his steward, “Up, follow after the men. When you overtake them, ask them, ‘Why have you rewarded evil for good?	YES	harm	When they had gone out of the city, and were not yet far off, Yosef said to his steward, “Up, follow after the men. When you overtake them, ask them, ‘Why have you rewarded harm for good?	Adverse-event or injury context: use a concrete harm/adversity term instead of the abstract label evil.	PASS	PASS	PASS	When they had gone out of the city, and were not yet far off, Yosef said to his steward, “Up, follow after the men. When you overtake them, ask them, ‘Why have you rewarded brokenness for good?	☐	☐	
Numbers 11:1	OT	The people were as murmurers, [speaking] evil in the ears of YHWH: and when YHWH heard it, YHWH’s anger was kindled; and the fire of YHWH burnt among them, and devoured in the uttermost part of the camp.	YES	wrongly	The people were as murmurers, [speaking] wrongly in the ears of YHWH: and when YHWH heard it, YHWH’s anger was kindled; and the fire of YHWH burnt among them, and devoured in the uttermost part of the camp.	Action/predicate context: use grammatical, concrete wrong/wrongdoing wording rather than the abstract label evil.	PASS	PASS	PASS	The people were as murmurers, [speaking] brokenness in the ears of YHWH: and when YHWH heard it, YHWH’s anger was kindled; and the fire of YHWH burnt among them, and devoured in the uttermost part of the camp.	☐	☐	
Deuteronomy 1:39	OT	Moreover your little ones, whom you said should be a prey, and your children, who this day have no knowledge of good or evil, they shall go in there, and to them will I give it, and they shall possess it.	YES	brokenness	Moreover your little ones, whom you said should be a prey, and your children, who this day have no knowledge of good or brokenness, they shall go in there, and to them will I give it, and they shall possess it.	Conceptual/moral abstract noun: restore brokenness where it is grammatical and preserves the project’s intended contrast.	PASS	PASS	PASS	Moreover your little ones, whom you said should be a prey, and your children, who this day have no knowledge of good or brokenness, they shall go in there, and to them will I give it, and they shall possess it.	☐	☐	
Deuteronomy 13:5	OT	That prophet, or that dreamer of dreams, shall be put to death, because he has spoken rebellion against YHWH your God, who brought you out of the land of Mitzrayim, and redeemed you out of the house of bondage, to draw you aside out of the way which YHWH your God commanded you to walk in. So shall you put away the evil from the midst of you.	YES	brokenness	That prophet, or that dreamer of dreams, shall be put to death, because he has spoken rebellion against YHWH your God, who brought you out of the land of Mitzrayim, and redeemed you out of the house of bondage, to draw you aside out of the way which YHWH your God commanded you to walk in. So shall you put away the brokenness from the midst of you.	Conceptual/moral abstract noun: restore brokenness where it is grammatical and preserves the project’s intended contrast.	PASS	PASS	PASS	That prophet, or that dreamer of dreams, shall be put to death, because he has spoken rebellion against YHWH your God, who brought you out of the land of Mitzrayim, and redeemed you out of the house of bondage, to draw you aside out of the way which YHWH your God commanded you to walk in. So shall you put away the brokenness from the midst of you.	☐	☐	
Deuteronomy 17:1	OT	You shall not sacrifice to YHWH your God an ox, or a sheep, in which is a blemish, [or] anything evil; for that is an abomination to YHWH your God.	YES	defective	You shall not sacrifice to YHWH your God an ox, or a sheep, in which is a blemish, [or] anything defective; for that is an abomination to YHWH your God.	Physical sacrificial-defect context: defective is more precise than a moral abstraction.	PASS	PASS	PASS	You shall not sacrifice to YHWH your God an ox, or a sheep, in which is a blemish, [or] anything brokenness; for that is an abomination to YHWH your God.	☐	☐	
Deuteronomy 17:7	OT	The hand of the witnesses shall be first on him to put him to death, and afterward the hand of all the people. So you shall put away the evil from the midst of you.	YES	brokenness	The hand of the witnesses shall be first on him to put him to death, and afterward the hand of all the people. So you shall put away the brokenness from the midst of you.	Conceptual/moral abstract noun: restore brokenness where it is grammatical and preserves the project’s intended contrast.	PASS	PASS	PASS	The hand of the witnesses shall be first on him to put him to death, and afterward the hand of all the people. So you shall put away the brokenness from the midst of you.	☐	☐	
Deuteronomy 17:12	OT	The one who does presumptuously, in not listening to the priest who stands to minister there before YHWH your God, or to the judge, even that man shall die: and you shall put away the evil from Israel.	YES	brokenness	The one who does presumptuously, in not listening to the priest who stands to minister there before YHWH your God, or to the judge, even that man shall die: and you shall put away the brokenness from Israel.	Conceptual/moral abstract noun: restore brokenness where it is grammatical and preserves the project’s intended contrast.	PASS	PASS	PASS	The one who does presumptuously, in not listening to the priest who stands to minister there before YHWH your God, or to the judge, even that man shall die: and you shall put away the brokenness from Israel.	☐	☐	
Deuteronomy 19:19	OT	then shall you do to him, as he had thought to do to his brother: so shall you put away the evil from the midst of you.	YES	brokenness	then shall you do to him, as he had thought to do to his brother: so shall you put away the brokenness from the midst of you.	Conceptual/moral abstract noun: restore brokenness where it is grammatical and preserves the project’s intended contrast.	PASS	PASS	PASS	then shall you do to him, as he had thought to do to his brother: so shall you put away the brokenness from the midst of you.	☐	☐	
Deuteronomy 19:20	OT	Those who remain shall hear, and fear, and shall henceforth commit no more any such evil in the midst of you.	YES	brokenness	Those who remain shall hear, and fear, and shall henceforth commit no more any such brokenness in the midst of you.	Conceptual/moral abstract noun: restore brokenness where it is grammatical and preserves the project’s intended contrast.	PASS	PASS	PASS	Those who remain shall hear, and fear, and shall henceforth commit no more any such brokenness in the midst of you.	☐	☐	
Deuteronomy 21:21	OT	All the men of his city shall stone him to death with stones: so shall you put away the evil from the midst of you; and all Israel shall hear, and fear.	YES	brokenness	All the men of his city shall stone him to death with stones: so shall you put away the brokenness from the midst of you; and all Israel shall hear, and fear.	Conceptual/moral abstract noun: restore brokenness where it is grammatical and preserves the project’s intended contrast.	PASS	PASS	PASS	All the men of his city shall stone him to death with stones: so shall you put away the brokenness from the midst of you; and all Israel shall hear, and fear.	☐	☐	
Deuteronomy 22:21	OT	then they shall bring out the young lady to the door of her father's house, and the men of her city shall stone her to death with stones, because she has done folly in Israel, to play the prostitute in her father's house: so shall you put away the evil from the midst of you.	YES	brokenness	then they shall bring out the young lady to the door of her father's house, and the men of her city shall stone her to death with stones, because she has done folly in Israel, to play the prostitute in her father's house: so shall you put away the brokenness from the midst of you.	Conceptual/moral abstract noun: restore brokenness where it is grammatical and preserves the project’s intended contrast.	PASS	PASS	PASS	then they shall bring out the young lady to the door of her father's house, and the men of her city shall stone her to death with stones, because she has done folly in Israel, to play the prostitute in her father's house: so shall you put away the brokenness from the midst of you.	☐	☐	
Deuteronomy 22:22	OT	If someone be found lying with a woman married to a husband, then they shall both of them die, the one who lay with the woman, and the woman: so shall you put away the evil from Israel.	YES	brokenness	If someone be found lying with a woman married to a husband, then they shall both of them die, the one who lay with the woman, and the woman: so shall you put away the brokenness from Israel.	Conceptual/moral abstract noun: restore brokenness where it is grammatical and preserves the project’s intended contrast.	PASS	PASS	PASS	If someone be found lying with a woman married to a husband, then they shall both of them die, the one who lay with the woman, and the woman: so shall you put away the brokenness from Israel.	☐	☐	
Deuteronomy 22:24	OT	then you shall bring them both out to the gate of that city, and you shall stone them to death with stones; the lady, because she didn't cry, being in the city; and the person, because they have humbled their neighbor's wife: so you shall put away the evil from the midst of you.	YES	brokenness	then you shall bring them both out to the gate of that city, and you shall stone them to death with stones; the lady, because she didn't cry, being in the city; and the person, because they have humbled their neighbor's wife: so you shall put away the brokenness from the midst of you.	Conceptual/moral abstract noun: restore brokenness where it is grammatical and preserves the project’s intended contrast.	PASS	PASS	PASS	then you shall bring them both out to the gate of that city, and you shall stone them to death with stones; the lady, because she didn't cry, being in the city; and the person, because they have humbled their neighbor's wife: so you shall put away the brokenness from the midst of you.	☐	☐	
Deuteronomy 24:7	OT	If someone be found stealing any of their brothers of the children of Israel, and they deal with them as a slave, or sell them; then that thief shall die: so shall you put away the evil from the midst of you.	YES	brokenness	If someone be found stealing any of their brothers of the children of Israel, and they deal with them as a slave, or sell them; then that thief shall die: so shall you put away the brokenness from the midst of you.	Conceptual/moral abstract noun: restore brokenness where it is grammatical and preserves the project’s intended contrast.	PASS	PASS	PASS	If someone be found stealing any of their brothers of the children of Israel, and they deal with him as a slave, or sell him; then that thief shall die: so shall you put away the brokenness from the midst of you.	☐	☐	
Deuteronomy 30:15	OT	Behold, I have set before you this day life and good, and death and evil;	YES	brokenness	Behold, I have set before you this day life and good, and death and brokenness;	Conceptual/moral abstract noun: restore brokenness where it is grammatical and preserves the project’s intended contrast.	PASS	PASS	PASS	Behold, I have set before you this day life and good, and death and brokenness;	☐	☐	
Deuteronomy 31:18	OT	I will surely hide my face in that day for all the evil which they shall have worked, in that they are turned to other gods.	YES	brokenness	I will surely hide my face in that day for all the brokenness which they shall have worked, in that they are turned to other gods.	Conceptual/moral abstract noun: restore brokenness where it is grammatical and preserves the project’s intended contrast.	PASS	PASS	PASS	I will surely hide my face in that day for all the brokenness which they shall have worked, in that they are turned to other gods.	☐	☐	
Judges 20:13	OT	Now therefore deliver up the men, the base fellows, who are in Gibeah, that we may put them to death, and put away evil from Israel. But Binyamin would not listen to the voice of their brothers the children of Israel.	YES	brokenness	Now therefore deliver up the men, the base fellows, who are in Gibeah, that we may put them to death, and put away brokenness from Israel. But Binyamin would not listen to the voice of their brothers the children of Israel.	Conceptual/moral abstract noun: restore brokenness where it is grammatical and preserves the project’s intended contrast.	PASS	PASS	PASS	Now therefore deliver up the men, the base fellows, who are in Gibeah, that we may put them to death, and put away brokenness from Israel. But Binyamin would not listen to the voice of their brothers the children of Israel.	☐	☐	
1 Samuel 6:9	OT	"Behold; if it goes up by the way of its own border to Beit Shemesh, then he has done us this great evil: but if not, then we shall know that it is not his hand that struck us; it was a chance that happened to us."""	YES	harm	"Behold; if it goes up by the way of its own border to Beit Shemesh, then he has done us this great harm: but if not, then we shall know that it is not his hand that struck us; it was a chance that happened to us."""	Adverse-event or injury context: use a concrete harm/adversity term instead of the abstract label evil.	PASS	PASS	PASS	"Behold; if it goes up by the way of its own border to Beit Shemesh, then he has done us this great brokenness: but if not, then we shall know that it is not his hand that struck us; it was a chance that happened to us."""	☐	☐	
1 Samuel 12:19	OT	All the people said to Shmuel, Pray for your servants to YHWH your God, that we not die; for we have added to all our sins [this] evil, to ask us a king.	YES	brokenness	All the people said to Shmuel, Pray for your servants to YHWH your God, that we not die; for we have added to all our sins [this] brokenness, to ask us a king.	Conceptual/moral abstract noun: restore brokenness where it is grammatical and preserves the project’s intended contrast.	PASS	PASS	PASS	All the people said to Shmuel, Pray for your servants to YHWH your God, that we not die; for we have added to all our sins [this] brokenness, to ask us a king.	☐	☐	
1 Samuel 12:20	OT	"Shmuel said to the people, ""Don't be afraid; you have indeed done all this evil; yet don't turn aside from following YHWH, but serve YHWH with all your heart:"	YES	brokenness	"Shmuel said to the people, ""Don't be afraid; you have indeed done all this brokenness; yet don't turn aside from following YHWH, but serve YHWH with all your heart:"	Conceptual/moral abstract noun: restore brokenness where it is grammatical and preserves the project’s intended contrast.	PASS	PASS	PASS	"Shmuel said to the people, ""Don't be afraid; you have indeed done all this brokenness; yet don't turn aside from following YHWH, but serve YHWH with all your heart:"	☐	☐	
1 Samuel 24:11	OT	Moreover, my father, behold, yes, see the skirt of your robe in my hand; for in that I cut off the skirt of your robe, and didn't kill you, know you and see that there is neither evil nor disobedience in my hand, and I have not sinned against you, though you hunt after my life to take it.	YES	wrongdoing	Moreover, my father, behold, yes, see the skirt of your robe in my hand; for in that I cut off the skirt of your robe, and didn't kill you, know you and see that there is neither wrongdoing nor disobedience in my hand, and I have not sinned against you, though you hunt after my life to take it.	Action/predicate context: use grammatical, concrete wrong/wrongdoing wording rather than the abstract label evil.	PASS	PASS	PASS	Moreover, my father, behold, yes, see the skirt of your robe in my hand; for in that I cut off the skirt of your robe, and didn't kill you, know you and see that there is neither brokenness nor disobedience in my hand, and I have not sinned against you, though you hunt after my life to take it.	☐	☐	
1 Samuel 24:17	OT	He said to Dawid, You are more righteous than I; for you have rendered to me good, whereas I have rendered to you evil.	YES	harm	He said to Dawid, You are more righteous than I; for you have rendered to me good, whereas I have rendered to you harm.	Adverse-event or injury context: use a concrete harm/adversity term instead of the abstract label evil.	PASS	PASS	PASS	He said to Dawid, You are more righteous than I; for you have rendered to me good, whereas I have rendered to you brokenness.	☐	☐	
1 Samuel 25:21	OT	Now Dawid had said, Surely in vain have I kept all that this fellow has in the wilderness, so that nothing was missed of all that pertained to him: and he has returned me evil for good.	YES	harm	Now Dawid had said, Surely in vain have I kept all that this fellow has in the wilderness, so that nothing was missed of all that pertained to him: and he has returned me harm for good.	Adverse-event or injury context: use a concrete harm/adversity term instead of the abstract label evil.	PASS	PASS	PASS	Now Dawid had said, Surely in vain have I kept all that this fellow has in the wilderness, so that nothing was missed of all that pertained to him: and he has returned me brokenness for good.	☐	☐	
1 Samuel 25:26	OT	Now therefore, my lord, as YHWH lives, and as your soul lives, seeing YHWH has withheld you from blood guiltiness, and from avenging yourself with your own hand, now therefore let your enemies, and those who seek evil to my lord, be as Nabal.	YES	harm	Now therefore, my lord, as YHWH lives, and as your soul lives, seeing YHWH has withheld you from blood guiltiness, and from avenging yourself with your own hand, now therefore let your enemies, and those who seek harm to my lord, be as Nabal.	Adverse-event or injury context: use a concrete harm/adversity term instead of the abstract label evil.	PASS	PASS	PASS	Now therefore, my lord, as YHWH lives, and as your soul lives, seeing YHWH has withheld you from blood guiltiness, and from avenging yourself with your own hand, now therefore let your enemies, and those who seek brokenness to my lord, be as Nabal.	☐	☐	
2 Samuel 12:9	OT	Why have you despised the word of YHWH, to do that which is evil in his sight? You have struck Uriyah the Hittite with the sword, and have taken his wife to be your wife, and have slain him with the sword of the children of Ammon.	YES	wrong	Why have you despised the word of YHWH, to do that which is wrong in his sight? You have struck Uriyah the Hittite with the sword, and have taken his wife to be your wife, and have slain him with the sword of the children of Ammon.	Action/predicate context: use grammatical, concrete wrong/wrongdoing wording rather than the abstract label evil.	PASS	PASS	PASS	Why have you despised the word of YHWH, to do that which is brokenness in his sight? You have struck Uriyah the Hittite with the sword, and have taken his wife to be your wife, and have slain him with the sword of the children of Ammon.	☐	☐	
1 Kings 3:9	OT	Give your servant therefore an understanding heart to judge your people, that I may discern between good and evil; for who is able to judge this your great people?	YES	brokenness	Give your servant therefore an understanding heart to judge your people, that I may discern between good and brokenness; for who is able to judge this your great people?	Conceptual/moral abstract noun: restore brokenness where it is grammatical and preserves the project’s intended contrast.	PASS	PASS	PASS	Give your servant therefore an understanding heart to judge your people, that I may discern between good and brokenness; for who is able to judge this your great people?	☐	☐	
1 Kings 16:7	OT	Moreover by the prophet Yehu the son of Hanani came the word of YHWH against Baasha, and against his house, both because of all the evil that he did in the sight of YHWH, to provoke him to anger with the work of his hands, in being like the house of Yerovam, and because he struck him.	YES	brokenness	Moreover by the prophet Yehu the son of Hanani came the word of YHWH against Baasha, and against his house, both because of all the brokenness that he did in the sight of YHWH, to provoke him to anger with the work of his hands, in being like the house of Yerovam, and because he struck him.	Conceptual/moral abstract noun: restore brokenness where it is grammatical and preserves the project’s intended contrast.	PASS	PASS	PASS	Moreover by the prophet Yehu the son of Hanani came the word of YHWH against Baasha, and against his house, both because of all the brokenness that he did in the sight of YHWH, to provoke him to anger with the work of his hands, in being like the house of Yerovam, and because he struck him.	☐	☐	
1 Kings 22:8	OT	"The king of Israel said to Yehoshafat, there is yet one man by whom we may inquire of YHWH, Micaiah the son of Imlah: but I hate him; for he does not prophesy good concerning me, but evil. Yehoshafat said, ""Don't let the king say so."""	YES	disaster	"The king of Israel said to Yehoshafat, there is yet one man by whom we may inquire of YHWH, Micaiah the son of Imlah: but I hate him; for he does not prophesy good concerning me, but disaster. Yehoshafat said, ""Don't let the king say so."""	Adverse-event or injury context: use a concrete harm/adversity term instead of the abstract label evil.	PASS	PASS	PASS	"The king of Israel said to Yehoshafat, there is yet one man by whom we may inquire of YHWH, Micaiah the son of Imlah: but I hate him; for he does not prophesy good concerning me, but brokenness. Yehoshafat said, ""Don't let the king say so."""	☐	☐	
1 Kings 22:18	OT	The king of Israel said to Yehoshafat, Didn't I tell you that he would not prophesy good concerning me, but evil?	YES	disaster	The king of Israel said to Yehoshafat, Didn't I tell you that he would not prophesy good concerning me, but disaster?	Adverse-event or injury context: use a concrete harm/adversity term instead of the abstract label evil.	PASS	PASS	PASS	The king of Israel said to Yehoshafat, Didn't I tell you that he would not prophesy good concerning me, but brokenness?	☐	☐	
2 Kings 8:12	OT	Hazael said, Why weeps my lord? He answered, Because I know the evil that you will do to the children of Israel: their strongholds will you set on fire, and their young people will you kill with the sword, and will dash in pieces their little ones, and rip up their women with child.	YES	harm	Hazael said, Why weeps my lord? He answered, Because I know the harm that you will do to the children of Israel: their strongholds will you set on fire, and their young people will you kill with the sword, and will dash in pieces their little ones, and rip up their women with child.	Adverse-event or injury context: use a concrete harm/adversity term instead of the abstract label evil.	PASS	PASS	PASS	Hazael said, Why weeps my lord? He answered, Because I know the brokenness that you will do to the children of Israel: their strongholds will you set on fire, and their young people will you kill with the sword, and will dash in pieces their little ones, and rip up their women with child.	☐	☐	
2 Kings 21:9	OT	But they didn't listen: and Menashe seduced them to do that which is evil more than did the nations whom YHWH destroyed before the children of Israel.	YES	wrong	But they didn't listen: and Menashe seduced them to do that which is wrong more than did the nations whom YHWH destroyed before the children of Israel.	Action/predicate context: use grammatical, concrete wrong/wrongdoing wording rather than the abstract label evil.	PASS	PASS	PASS	But they didn't listen: and Menashe seduced them to do that which is brokenness more than did the nations whom YHWH destroyed before the children of Israel.	☐	☐	
2 Chronicles 7:22	OT	They shall answer, Because they abandoned YHWH, the God of their fathers, who brought them forth out of the land of Mitzrayim, and laid hold on other gods, and worshiped them, and served them: therefore has he brought all this evil on them.	YES	calamity	They shall answer, Because they abandoned YHWH, the God of their fathers, who brought them forth out of the land of Mitzrayim, and laid hold on other gods, and worshiped them, and served them: therefore has he brought all this calamity on them.	Adverse-event or injury context: use a concrete harm/adversity term instead of the abstract label evil.	PASS	PASS	PASS	They shall answer, Because they abandoned YHWH, the God of their fathers, who brought them forth out of the land of Mitzrayim, and laid hold on other gods, and worshiped them, and served them: therefore has he brought all this brokenness on them.	☐	☐	
2 Chronicles 18:7	OT	The king of Israel said to Yehoshafat, There is yet one man by whom we may inquire of YHWH: but I hate him; for he never prophesies good concerning me, but always evil: the same is Micaiah the son of Imla. Yehoshafat said, Don't let the king say so.	YES	disaster	The king of Israel said to Yehoshafat, There is yet one man by whom we may inquire of YHWH: but I hate him; for he never prophesies good concerning me, but always disaster: the same is Micaiah the son of Imla. Yehoshafat said, Don't let the king say so.	Adverse-event or injury context: use a concrete harm/adversity term instead of the abstract label evil.	PASS	PASS	PASS	The king of Israel said to Yehoshafat, There is yet one man by whom we may inquire of YHWH: but I hate him; for he never prophesies good concerning me, but always brokenness: the same is Micaiah the son of Imla. Yehoshafat said, Don't let the king say so.	☐	☐	
2 Chronicles 18:17	OT	The king of Israel said to Yehoshafat, Didn't I tell you that he would not prophesy good concerning me, but evil?	YES	disaster	The king of Israel said to Yehoshafat, Didn't I tell you that he would not prophesy good concerning me, but disaster?	Adverse-event or injury context: use a concrete harm/adversity term instead of the abstract label evil.	PASS	PASS	PASS	The king of Israel said to Yehoshafat, Didn't I tell you that he would not prophesy good concerning me, but brokenness?	☐	☐	
Nehemiah 13:7	OT	and I came to Yerushalayim, and understood the evil that Eliashib had done for Tobiah, in preparing him a chamber in the courts of the house of Elohim.	YES	wrong	and I came to Yerushalayim, and understood the wrong that Eliashib had done for Tobiah, in preparing him a chamber in the courts of the house of Elohim.	Action/predicate context: use grammatical, concrete wrong/wrongdoing wording rather than the abstract label evil.	PASS	PASS	PASS	and I came to Yerushalayim, and understood the brokenness that Eliashib had done for Tobiah, in preparing him a chamber in the courts of the house of Elohim.	☐	☐	
Nehemiah 13:27	OT	Shall we then listen to you to do all this great evil, to trespass against our God in marrying foreign women?	YES	brokenness	Shall we then listen to you to do all this great brokenness, to trespass against our God in marrying foreign women?	Conceptual/moral abstract noun: restore brokenness where it is grammatical and preserves the project’s intended contrast.	PASS	PASS	PASS	Shall we then listen to you to do all this great brokenness, to trespass against our God in marrying foreign women?	☐	☐	
Job 30:26	OT	When I looked for good, then evil came; When I waited for light, there came darkness.	YES	adversity	When I looked for good, then adversity came; When I waited for light, there came darkness.	Adverse-event or injury context: use a concrete harm/adversity term instead of the abstract label evil.	PASS	PASS	PASS	When I looked for good, then brokenness came; When I waited for light, there came darkness.	☐	☐	
Job 31:29	OT	"""If I have rejoiced at the destruction of the one who hated me, or lifted up myself when evil found him;"	YES	calamity	"""If I have rejoiced at the destruction of the one who hated me, or lifted up myself when calamity found him;"	Adverse-event or injury context: use a concrete harm/adversity term instead of the abstract label evil.	PASS	PASS	PASS	"""If I have rejoiced at the destruction of the one who hated me, or lifted up myself when brokenness found him;"	☐	☐	
Psalms 5:4	OT	For you are not an Elohim who has pleasure in wickedness. evil can't live with you.	YES	Brokenness	For you are not an Elohim who has pleasure in wickedness. Brokenness can't live with you.	Conceptual/moral abstract noun: restore brokenness where it is grammatical and preserves the project’s intended contrast.	PASS	PASS	PASS	For you are not an Elohim who has pleasure in wickedness. Brokenness can't live with you.	☐	☐	
Psalms 7:4	OT	if I have rewarded evil to the one who was at peace with me (yes, if I have delivered the one who without cause was my adversary),	YES	harm	if I have rewarded harm to the one who was at peace with me (yes, if I have delivered the one who without cause was my adversary),	Adverse-event or injury context: use a concrete harm/adversity term instead of the abstract label evil.	PASS	PASS	PASS	if I have rewarded brokenness to the one who was at peace with me (yes, if I have delivered the one who without cause was my adversary),	☐	☐	
Psalms 15:3	OT	The one who doesn't slander with their tongue, nor does evil to their friend, nor casts slurs against their fellow man;	YES	harm	The one who doesn't slander with their tongue, nor does harm to their friend, nor casts slurs against their fellow man;	Adverse-event or injury context: use a concrete harm/adversity term instead of the abstract label evil.	PASS	PASS	PASS	The one who doesn't slander with their tongue, nor does brokenness to their friend, nor casts slurs against their fellow man;	☐	☐	
Psalms 23:4	OT	Even though I walk through the valley of the shadow of death, I will fear no evil, for you are with me. Your rod and your staff, they comfort me.	YES	harm	Even though I walk through the valley of the shadow of death, I will fear no harm, for you are with me. Your rod and your staff, they comfort me.	Adverse-event or injury context: use a concrete harm/adversity term instead of the abstract label evil.	PASS	PASS	PASS	Even though I walk through the valley of the shadow of death, I will fear no brokenness, for you are with me. Your rod and your staff, they comfort me.	☐	☐	
Psalms 34:21	OT	evil shall kill the wicked. Those who hate the righteous shall be condemned.	YES	Brokenness	Brokenness shall kill the wicked. Those who hate the righteous shall be condemned.	Conceptual/moral abstract noun: restore brokenness where it is grammatical and preserves the project’s intended contrast.	PASS	PASS	PASS	Brokenness shall kill the wicked. Those who hate the righteous shall be condemned.	☐	☐	
Psalms 35:12	OT	They reward me evil for good, to the bereaving of my soul.	YES	harm	They reward me harm for good, to the bereaving of my soul.	Adverse-event or injury context: use a concrete harm/adversity term instead of the abstract label evil.	PASS	PASS	PASS	They reward me brokenness for good, to the bereaving of my soul.	☐	☐	
Psalms 36:4	OT	They plot iniquity on their bed. They set themselves in a way that is not good. They don't abhor evil.	YES	brokenness	They plot iniquity on their bed. They set themselves in a way that is not good. They don't abhor brokenness.	Conceptual/moral abstract noun: restore brokenness where it is grammatical and preserves the project’s intended contrast.	PASS	PASS	PASS	They plot iniquity on their bed. They set themselves in a way that is not good. They don't abhor brokenness.	☐	☐	
Psalms 37:8	OT	Cease from anger, and forsake wrath. Don't fret, it leads only to acting from evil.	YES	brokenness	Cease from anger, and forsake wrath. Don't fret, it leads only to acting from brokenness.	Conceptual/moral abstract noun: restore brokenness where it is grammatical and preserves the project’s intended contrast.	PASS	PASS	PASS	Cease from anger, and forsake wrath. Don't fret, it leads only to acting from brokenness.	☐	☐	
Psalms 37:19	OT	They shall not be disappointed in the time of evil. In the days of famine they shall be satisfied.	YES	adversity	They shall not be disappointed in the time of adversity. In the days of famine they shall be satisfied.	Adverse-event or injury context: use a concrete harm/adversity term instead of the abstract label evil.	PASS	PASS	PASS	They shall not be disappointed in the time of brokenness. In the days of famine they shall be satisfied.	☐	☐	
Psalms 38:20	OT	They who also render evil for good are adversaries to me, because I follow what is good.	YES	harm	They who also render harm for good are adversaries to me, because I follow what is good.	Adverse-event or injury context: use a concrete harm/adversity term instead of the abstract label evil.	PASS	PASS	PASS	They who also render brokenness for good are adversaries to me, because I follow what is good.	☐	☐	
Psalms 41:1	OT	Blessed is the one who considers the poor. YHWH will deliver them in the day of evil.	YES	trouble	Blessed is the one who considers the poor. YHWH will deliver them in the day of trouble.	Adverse-event or injury context: use a concrete harm/adversity term instead of the abstract label evil.	PASS	PASS	PASS	Blessed is the one who considers the poor. YHWH will deliver them in the day of brokenness.	☐	☐	
Psalms 49:5	OT	Why should I fear in the days of evil, when iniquity at my heels surrounds me?	YES	trouble	Why should I fear in the days of trouble, when iniquity at my heels surrounds me?	Adverse-event or injury context: use a concrete harm/adversity term instead of the abstract label evil.	PASS	PASS	PASS	Why should I fear in the days of brokenness, when iniquity at my heels surrounds me?	☐	☐	
Psalms 50:19	OT	"""You give your mouth to evil. Your tongue frames deceit."	YES	brokenness	"""You give your mouth to brokenness. Your tongue frames deceit."	Conceptual/moral abstract noun: restore brokenness where it is grammatical and preserves the project’s intended contrast.	PASS	PASS	PASS	"""You give your mouth to brokenness. Your tongue frames deceit."	☐	☐	
Psalms 51:4	OT	Against you, and you only, have I sinned, and done that which is evil in your sight; that you may be proved right when you speak, and justified when you judge.	YES	wrong	Against you, and you only, have I sinned, and done that which is wrong in your sight; that you may be proved right when you speak, and justified when you judge.	Action/predicate context: use grammatical, concrete wrong/wrongdoing wording rather than the abstract label evil.	PASS	PASS	PASS	Against you, and you only, have I sinned, and done that which is brokenness in your sight; that you may be proved right when you speak, and justified when you judge.	☐	☐	
Psalms 52:3	OT	You love evil more than good, lying rather than speaking the truth. Selah.	YES	brokenness	You love brokenness more than good, lying rather than speaking the truth. Selah.	Conceptual/moral abstract noun: restore brokenness where it is grammatical and preserves the project’s intended contrast.	PASS	PASS	PASS	You love brokenness more than good, lying rather than speaking the truth. Selah.	☐	☐	
Psalms 54:5	OT	YHWH will repay the evil to my enemies. Destroy them in your truth.	YES	harm	YHWH will repay the harm to my enemies. Destroy them in your truth.	Adverse-event or injury context: use a concrete harm/adversity term instead of the abstract label evil.	PASS	PASS	PASS	YHWH will repay the brokenness to my enemies. Destroy them in your truth.	☐	☐	
Psalms 56:5	OT	All day long they twist my words. All their thoughts are against me for evil.	YES	harm	All day long they twist my words. All their thoughts are against me for harm.	Adverse-event or injury context: use a concrete harm/adversity term instead of the abstract label evil.	PASS	PASS	PASS	All day long they twist my words. All their thoughts are against me for brokenness.	☐	☐	
Psalms 64:5	OT	"They encourage themselves in evil plans. They talk about laying snares secretly. They say, ""Who will see them?"""	YES	harmful	"They encourage themselves in harmful plans. They talk about laying snares secretly. They say, ""Who will see them?"""	Adverse-event or injury context: use a concrete harm/adversity term instead of the abstract label evil.	PASS	PASS	PASS	"They encourage themselves in brokenness plans. They talk about laying snares secretly. They say, ""Who will see them?"""	☐	☐	
Psalms 74:3	OT	Lift up your feet to the perpetual ruins, all the evil that the enemy has done in the sanctuary.	YES	harm	Lift up your feet to the perpetual ruins, all the harm that the enemy has done in the sanctuary.	Adverse-event or injury context: use a concrete harm/adversity term instead of the abstract label evil.	PASS	PASS	PASS	Lift up your feet to the perpetual ruins, all the brokenness that the enemy has done in the sanctuary.	☐	☐	
Psalms 78:49	OT	Elohim threw on them the fierceness of Elohim’s anger, wrath, indignation, and trouble, and a band of angels of evil.	YES	destruction	Elohim threw on them the fierceness of Elohim’s anger, wrath, indignation, and trouble, and a band of angels of destruction.	Adverse-event or injury context: use a concrete harm/adversity term instead of the abstract label evil.	PASS	PASS	PASS	Elohim threw on them the fierceness of Elohim’s anger, wrath, indignation, and trouble, and a band of angels of brokenness.	☐	☐	
Psalms 90:15	OT	Make us glad for as many days as you have afflicted us, for as many years as we have seen evil.	YES	adversity	Make us glad for as many days as you have afflicted us, for as many years as we have seen adversity.	Adverse-event or injury context: use a concrete harm/adversity term instead of the abstract label evil.	PASS	PASS	PASS	Make us glad for as many days as you have afflicted us, for as many years as we have seen brokenness.	☐	☐	
Psalms 91:10	OT	no evil shall happen to you, neither shall any plague come near your dwelling.	YES	harm	no harm shall happen to you, neither shall any plague come near your dwelling.	Adverse-event or injury context: use a concrete harm/adversity term instead of the abstract label evil.	PASS	PASS	PASS	no brokenness shall happen to you, neither shall any plague come near your dwelling.	☐	☐	
Psalms 97:10	OT	You who love YHWH, hate evil. YHWH preserves the souls of YHWH’s saints. YHWH delivers them out of the hand of the wicked.	YES	brokenness	You who love YHWH, hate brokenness. YHWH preserves the souls of YHWH’s saints. YHWH delivers them out of the hand of the wicked.	Conceptual/moral abstract noun: restore brokenness where it is grammatical and preserves the project’s intended contrast.	PASS	PASS	PASS	You who love YHWH, hate brokenness. YHWH preserves the souls of YHWH’s saints. YHWH delivers them out of the hand of the wicked.	☐	☐	
Psalms 101:4	OT	A perverse heart will be far from me. I will have nothing to do with evil.	YES	brokenness	A perverse heart will be far from me. I will have nothing to do with brokenness.	Conceptual/moral abstract noun: restore brokenness where it is grammatical and preserves the project’s intended contrast.	PASS	PASS	PASS	A perverse heart will be far from me. I will have nothing to do with brokenness.	☐	☐	
Psalms 140:8	OT	YHWH, don't grant the desires of the wicked. Don't let their evil plans succeed, or they will become proud. Selah.	YES	harmful	YHWH, don't grant the desires of the wicked. Don't let their harmful plans succeed, or they will become proud. Selah.	Adverse-event or injury context: use a concrete harm/adversity term instead of the abstract label evil.	PASS	PASS	PASS	YHWH, don't grant the desires of the wicked. Don't let their brokenness plans succeed, or they will become proud. Selah.	☐	☐	
Psalms 140:11	OT	A malicious speaker won't be established in the earth. Evil will hunt the violent person to overthrow them.	YES	calamity	A malicious speaker won't be established in the earth. Calamity will hunt the violent person to overthrow them.	Adverse-event or injury context: use a concrete harm/adversity term instead of the abstract label evil.	PASS	PASS	PASS	A brokenness speaker won't be established in the earth. Brokenness will hunt the violent man to overthrow him.	☐	☐	
Proverbs 1:16	OT	for their feet run to evil. They hurry to shed blood.	YES	harm	for their feet run to harm. They hurry to shed blood.	Adverse-event or injury context: use a concrete harm/adversity term instead of the abstract label evil.	PASS	PASS	PASS	for their feet run to brokenness. They hurry to shed blood.	☐	☐	
Proverbs 2:12	OT	to deliver you from the way of evil, from the people who speak perverse things;	YES	brokenness	to deliver you from the way of brokenness, from the people who speak perverse things;	Conceptual/moral abstract noun: restore brokenness where it is grammatical and preserves the project’s intended contrast.	PASS	PASS	PASS	to deliver you from the way of brokenness, from the people who speak perverse things;	☐	☐	
Proverbs 2:14	OT	who rejoice to do wrong, and delight in the perverseness of evil;	YES	brokenness	who rejoice to do wrong, and delight in the perverseness of brokenness;	Conceptual/moral abstract noun: restore brokenness where it is grammatical and preserves the project’s intended contrast.	PASS	PASS	PASS	who rejoice to do brokenness, and delight in the perverseness of brokenness;	☐	☐	
Proverbs 8:13	OT	Reverence for YHWH is to hate evil. I hate pride, arrogance, the wrong way, and the perverse mouth.	YES	brokenness	Reverence for YHWH is to hate brokenness. I hate pride, arrogance, the wrong way, and the perverse mouth.	Conceptual/moral abstract noun: restore brokenness where it is grammatical and preserves the project’s intended contrast.	PASS	PASS	PASS	Reverence for YHWH is to hate brokenness. I hate pride, arrogance, the broken way, and the perverse mouth.	☐	☐	
Proverbs 11:19	OT	The one who is truly righteous gets life. The one who pursues evil gets death.	YES	brokenness	The one who is truly righteous gets life. The one who pursues brokenness gets death.	Conceptual/moral abstract noun: restore brokenness where it is grammatical and preserves the project’s intended contrast.	PASS	PASS	PASS	The one who is truly righteous gets life. The one who pursues brokenness gets death.	☐	☐	
Proverbs 11:27	OT	The one who diligently seeks good seeks favor, but the one who searches after evil, it shall come to them.	YES	brokenness	The one who diligently seeks good seeks favor, but the one who searches after brokenness, it shall come to them.	Conceptual/moral abstract noun: restore brokenness where it is grammatical and preserves the project’s intended contrast.	PASS	PASS	PASS	The one who diligently seeks good seeks favor, but the one who searches after brokenness, it shall come to them.	☐	☐	
Proverbs 12:21	OT	No mischief shall happen to the righteous, but the wicked shall be filled with evil.	YES	brokenness	No mischief shall happen to the righteous, but the wicked shall be filled with brokenness.	Conceptual/moral abstract noun: restore brokenness where it is grammatical and preserves the project’s intended contrast.	PASS	PASS	PASS	No mischief shall happen to the righteous, but the wicked shall be filled with brokenness.	☐	☐	
Proverbs 14:16	OT	A wise person fears, and shuns evil, but the fool is hotheaded and reckless.	YES	brokenness	A wise person fears, and shuns brokenness, but the fool is hotheaded and reckless.	Conceptual/moral abstract noun: restore brokenness where it is grammatical and preserves the project’s intended contrast.	PASS	PASS	PASS	A wise person fears, and shuns brokenness, but the fool is hotheaded and reckless.	☐	☐	
Proverbs 15:3	OT	YHWH's eyes are everywhere, keeping watch on the evil and the good.	YES	broken	YHWH's eyes are everywhere, keeping watch on the broken and the good.	Adjectival/predicate context: use broken rather than the ungrammatical noun modifier brokenness.	PASS	PASS	PASS	YHWH's eyes are everywhere, keeping watch on the brokenness and the good.	☐	☐	
Proverbs 15:28	OT	The heart of the righteous weighs answers, but the mouth of the wicked gushes out evil.	YES	brokenness	The heart of the righteous weighs answers, but the mouth of the wicked gushes out brokenness.	Conceptual/moral abstract noun: restore brokenness where it is grammatical and preserves the project’s intended contrast.	PASS	PASS	PASS	The heart of the righteous weighs answers, but the mouth of the wicked gushes out brokenness.	☐	☐	
Proverbs 16:4	OT	YHWH has made everything for its own end--yes, even the wicked for the day of evil.	YES	calamity	YHWH has made everything for its own end--yes, even the wicked for the day of calamity.	Adverse-event or injury context: use a concrete harm/adversity term instead of the abstract label evil.	PASS	PASS	PASS	YHWH has made everything for its own end--yes, even the wicked for the day of brokenness.	☐	☐	
Proverbs 16:30	OT	One who winks their eyes to plot perversities, one who compresses their lips, is bent on evil.	YES	brokenness	One who winks their eyes to plot perversities, one who compresses their lips, is bent on brokenness.	Conceptual/moral abstract noun: restore brokenness where it is grammatical and preserves the project’s intended contrast.	PASS	PASS	PASS	One who winks their eyes to plot perversities, one who compresses their lips, is bent on brokenness.	☐	☐	
Proverbs 17:13	OT	Whoever rewards evil for good, evil shall not depart from their house.	YES	harm | harm	Whoever rewards harm for good, harm shall not depart from their house.	Adverse-event or injury context: use a concrete harm/adversity term instead of the abstract label evil.	PASS	PASS	PASS	Whoever rewards brokenness for good, brokenness shall not depart from their house.	☐	☐	
Proverbs 20:8	OT	A king who sits on the throne of judgment scatters away all evil with his eyes.	YES	wrongdoing	A king who sits on the throne of judgment scatters away all wrongdoing with his eyes.	Action/predicate context: use grammatical, concrete wrong/wrongdoing wording rather than the abstract label evil.	PASS	PASS	PASS	A king who sits on the throne of judgment scatters away all brokenness with his eyes.	☐	☐	
Proverbs 20:22	OT	"Don't say, ""I will pay back evil."" Wait for YHWH, and YHWH will save you."	YES	harm	"Don't say, ""I will pay back harm."" Wait for YHWH, and YHWH will save you."	Adverse-event or injury context: use a concrete harm/adversity term instead of the abstract label evil.	PASS	PASS	PASS	"Don't say, ""I will pay back brokenness."" Wait for YHWH, and YHWH will save you."	☐	☐	
Proverbs 20:30	OT	Wounding blows cleanse away evil, and beatings purge the innermost parts.	YES	brokenness	Wounding blows cleanse away brokenness, and beatings purge the innermost parts.	Conceptual/moral abstract noun: restore brokenness where it is grammatical and preserves the project’s intended contrast.	PASS	PASS	PASS	Wounding blows cleanse away brokenness, and beatings purge the innermost parts.	☐	☐	
Proverbs 21:10	OT	The soul of the wicked desires evil; their neighbor finds no mercy in their eyes.	YES	brokenness	The soul of the wicked desires brokenness; their neighbor finds no mercy in their eyes.	Conceptual/moral abstract noun: restore brokenness where it is grammatical and preserves the project’s intended contrast.	PASS	PASS	PASS	The soul of the wicked desires brokenness; their neighbor finds no mercy in their eyes.	☐	☐	
Isaiah 5:20	OT	Woe to those who call evil good, and good evil; who put darkness for light, and light for darkness; who put bitter for sweet, and sweet for bitter!	YES	brokenness | brokenness	Woe to those who call brokenness good, and good brokenness; who put darkness for light, and light for darkness; who put bitter for sweet, and sweet for bitter!	Conceptual/moral abstract noun: restore brokenness where it is grammatical and preserves the project’s intended contrast.	PASS	PASS	PASS	Woe to those who call brokenness good, and good brokenness; who put darkness for light, and light for darkness; who put bitter for sweet, and sweet for bitter!	☐	☐	
Isaiah 7:15	OT	He shall eat butter and honey when he knows to refuse the evil, and choose the good.	YES	brokenness	He shall eat butter and honey when he knows to refuse the brokenness, and choose the good.	Conceptual/moral abstract noun: restore brokenness where it is grammatical and preserves the project’s intended contrast.	PASS	PASS	PASS	He shall eat butter and honey when he knows to refuse the brokenness, and choose the good.	☐	☐	
Isaiah 7:16	OT	For before the child knows to refuse the evil, and choose the good, the land whose two kings you abhor shall be forsaken.	YES	brokenness	For before the child knows to refuse the brokenness, and choose the good, the land whose two kings you abhor shall be forsaken.	Conceptual/moral abstract noun: restore brokenness where it is grammatical and preserves the project’s intended contrast.	PASS	PASS	PASS	For before the child knows to refuse the brokenness, and choose the good, the land whose two kings you abhor shall be forsaken.	☐	☐	
Isaiah 13:11	OT	I will punish the world for their evil, and the wicked for their iniquity. I will cause the arrogance of the proud to cease, and will humble the haughtiness of the terrible.	YES	brokenness	I will punish the world for their brokenness, and the wicked for their iniquity. I will cause the arrogance of the proud to cease, and will humble the haughtiness of the terrible.	Conceptual/moral abstract noun: restore brokenness where it is grammatical and preserves the project’s intended contrast.	PASS	PASS	PASS	I will punish the world for their brokenness, and the wicked for their iniquity. I will cause the arrogance of the proud to cease, and will humble the haughtiness of the terrible.	☐	☐	
Isaiah 32:7	OT	The ways of the scoundrel are evil. He devises wicked devices to destroy the humble with lying words, even when the needy speaks right.	YES	broken	The ways of the scoundrel are broken. He devises wicked devices to destroy the humble with lying words, even when the needy speaks right.	Adjectival/predicate context: use broken rather than the ungrammatical noun modifier brokenness.	PASS	PASS	PASS	The ways of the scoundrel are brokenness. He devises wicked devices to destroy the humble with lying words, even when the needy speaks right.	☐	☐	
Isaiah 33:15	OT	The one who walks righteously, and speaks blamelessly; The one who despises the gain of oppressions, who gestures with their hands, refusing to take a bribe, who stops their ears from hearing of blood, and shuts their eyes from looking at evil--	YES	brokenness	The one who walks righteously, and speaks blamelessly; The one who despises the gain of oppressions, who gestures with their hands, refusing to take a bribe, who stops their ears from hearing of blood, and shuts their eyes from looking at brokenness--	Conceptual/moral abstract noun: restore brokenness where it is grammatical and preserves the project’s intended contrast.	PASS	PASS	PASS	The one who walks righteously, and speaks blamelessly; The one who despises the gain of oppressions, who gestures with their hands, refusing to take a bribe, who stops their ears from hearing of blood, and shuts their eyes from looking at brokenness--	☐	☐	
Isaiah 56:2	OT	Blessed is the one who does this, and the child of humanity who holds it fast; who keeps the Sabbath from profaning it, and keeps his hand from doing any evil.	YES	wrong	Blessed is the one who does this, and the child of humanity who holds it fast; who keeps the Sabbath from profaning it, and keeps his hand from doing any wrong.	Action/predicate context: use grammatical, concrete wrong/wrongdoing wording rather than the abstract label evil.	PASS	PASS	PASS	Blessed is the one who does this, and the child of humanity who holds it fast; who keeps the Sabbath from profaning it, and keeps his hand from doing any brokenness.	☐	☐	
Isaiah 59:7	OT	Their feet run to evil, and they make haste to shed innocent blood: their thoughts are thoughts of iniquity; desolation and destruction are in their paths.	YES	harm	Their feet run to harm, and they make haste to shed innocent blood: their thoughts are thoughts of iniquity; desolation and destruction are in their paths.	Adverse-event or injury context: use a concrete harm/adversity term instead of the abstract label evil.	PASS	PASS	PASS	Their feet run to brokenness, and they make haste to shed innocent blood: their thoughts are thoughts of iniquity; desolation and destruction are in their paths.	☐	☐	
Jeremiah 1:14	OT	Then YHWH said to me, Out of the north evil shall break forth on all the inhabitants of the land.	YES	disaster	Then YHWH said to me, Out of the north disaster shall break forth on all the inhabitants of the land.	Adverse-event or injury context: use a concrete harm/adversity term instead of the abstract label evil.	PASS	PASS	PASS	Then YHWH said to me, Out of the north brokenness shall break forth on all the inhabitants of the land.	☐	☐	
Jeremiah 2:13	OT	For my people have committed two acts of evil: they have forsaken me, the spring of living waters, and hewed them out cisterns, broken cisterns, that can hold no water.	YES	brokenness	For my people have committed two acts of brokenness: they have forsaken me, the spring of living waters, and hewed them out cisterns, broken cisterns, that can hold no water.	Conceptual/moral abstract noun: restore brokenness where it is grammatical and preserves the project’s intended contrast.	PASS	PASS	PASS	For my people have committed two acts of brokenness: they have forsaken me, the spring of living waters, and hewed them out cisterns, broken cisterns, that can hold no water.	☐	☐	
Jeremiah 4:6	OT	Set up a standard toward Tzion: flee for safety, don't stay; for I will bring evil from the north, and a great destruction.	YES	disaster	Set up a standard toward Tzion: flee for safety, don't stay; for I will bring disaster from the north, and a great destruction.	Adverse-event or injury context: use a concrete harm/adversity term instead of the abstract label evil.	PASS	PASS	PASS	Set up a standard toward Tzion: flee for safety, don't stay; for I will bring brokenness from the north, and a great destruction.	☐	☐	
Jeremiah 4:15	OT	For a voice declares from Dan, and publishes evil from the hills of Efrayim:	YES	disaster	For a voice declares from Dan, and publishes disaster from the hills of Efrayim:	Adverse-event or injury context: use a concrete harm/adversity term instead of the abstract label evil.	PASS	PASS	PASS	For a voice declares from Dan, and publishes brokenness from the hills of Efrayim:	☐	☐	
Jeremiah 5:12	OT	They have denied YHWH, and said, It is not YHWH; neither shall evil come on us; neither shall we see sword nor famine:	YES	disaster	They have denied YHWH, and said, It is not YHWH; neither shall disaster come on us; neither shall we see sword nor famine:	Adverse-event or injury context: use a concrete harm/adversity term instead of the abstract label evil.	PASS	PASS	PASS	They have denied YHWH, and said, It is not YHWH; neither shall brokenness come on us; neither shall we see sword nor famine:	☐	☐	
Jeremiah 11:17	OT	For YHWH of Armies, who planted you, has pronounced harm against you, because of the evil of the house of Israel and of the house of Yehudah, which they have worked for themselves in provoking me to anger by offering incense to Baal.	YES	brokenness	For YHWH of Armies, who planted you, has pronounced harm against you, because of the brokenness of the house of Israel and of the house of Yehudah, which they have worked for themselves in provoking me to anger by offering incense to Baal.	Conceptual/moral abstract noun: restore brokenness where it is grammatical and preserves the project’s intended contrast.	PASS	PASS	PASS	For YHWH of Armies, who planted you, has pronounced brokenness against you, because of the brokenness of the house of Israel and of the house of Yehudah, which they have worked for themselves in provoking me to anger by offering incense to Baal.	☐	☐	
Jeremiah 15:11	OT	YHWH said, Most certainly I will strengthen you for good; most certainly I will cause the enemy to make supplication to you in the time of evil and in the time of affliction.	YES	trouble	YHWH said, Most certainly I will strengthen you for good; most certainly I will cause the enemy to make supplication to you in the time of trouble and in the time of affliction.	Adverse-event or injury context: use a concrete harm/adversity term instead of the abstract label evil.	PASS	PASS	PASS	YHWH said, Most certainly I will strengthen you for good; most certainly I will cause the enemy to make supplication to you in the time of brokenness and in the time of affliction.	☐	☐	
Jeremiah 17:17	OT	Don't be a terror to me: you are my refuge in the day of evil.	YES	trouble	Don't be a terror to me: you are my refuge in the day of trouble.	Adverse-event or injury context: use a concrete harm/adversity term instead of the abstract label evil.	PASS	PASS	PASS	Don't be a terror to me: you are my refuge in the day of brokenness.	☐	☐	
Jeremiah 17:18	OT	Let them be disappointed who persecute me, but let not me be disappointed; let them be dismayed, but don't let me be dismayed; bring on them the day of evil, and destroy them with double destruction.	YES	disaster	Let them be disappointed who persecute me, but let not me be disappointed; let them be dismayed, but don't let me be dismayed; bring on them the day of disaster, and destroy them with double destruction.	Adverse-event or injury context: use a concrete harm/adversity term instead of the abstract label evil.	PASS	PASS	PASS	Let them be disappointed who persecute me, but let not me be disappointed; let them be dismayed, but don't let me be dismayed; bring on them the day of brokenness, and destroy them with double destruction.	☐	☐	
Jeremiah 18:8	OT	if that nation, concerning which I have spoken, turn from their evil, I will relent from the evil that I thought to do to them.	YES	brokenness | harm	if that nation, concerning which I have spoken, turn from their brokenness, I will relent from the harm that I thought to do to them.	Conceptual/moral abstract noun: restore brokenness where it is grammatical and preserves the project’s intended contrast.	PASS	PASS	PASS	if that nation, concerning which I have spoken, turn from their brokenness, I will relent from the brokenness that I thought to do to them.	☐	☐	
Jeremiah 18:20	OT	Shall evil be recompensed for good? for they have dug a pit for my soul. Remember how I stood before you to speak good for them, to turn away your wrath from them.	YES	harm	Shall harm be recompensed for good? for they have dug a pit for my soul. Remember how I stood before you to speak good for them, to turn away your wrath from them.	Adverse-event or injury context: use a concrete harm/adversity term instead of the abstract label evil.	PASS	PASS	PASS	Shall brokenness be recompensed for good? for they have dug a pit for my soul. Remember how I stood before you to speak good for them, to turn away your wrath from them.	☐	☐	
Jeremiah 42:6	OT	Whether it be good, or whether it be evil, we will obey the voice of YHWH our God, to whom we send you; that it may be well with us, when we obey the voice of YHWH our God.	YES	harmful	Whether it be good, or whether it be harmful, we will obey the voice of YHWH our God, to whom we send you; that it may be well with us, when we obey the voice of YHWH our God.	Adverse-event or injury context: use a concrete harm/adversity term instead of the abstract label evil.	PASS	PASS	PASS	Whether it be good, or whether it be brokenness, we will obey the voice of YHWH our God, to whom we send you; that it may be well with us, when we obey the voice of YHWH our God.	☐	☐	
Jeremiah 44:2	OT	Thus says YHWH of Armies, the God of Israel: You have seen all the evil that I have brought on Yerushalayim, and on all the cities of Yehudah; and behold, this day they are a desolation, and no one dwells therein,	YES	disaster	Thus says YHWH of Armies, the God of Israel: You have seen all the disaster that I have brought on Yerushalayim, and on all the cities of Yehudah; and behold, this day they are a desolation, and no one dwells therein,	Adverse-event or injury context: use a concrete harm/adversity term instead of the abstract label evil.	PASS	PASS	PASS	Thus says YHWH of Armies, the God of Israel: You have seen all the brokenness that I have brought on Yerushalayim, and on all the cities of Yehudah; and behold, this day they are a desolation, and no one dwells therein,	☐	☐	
Jeremiah 44:11	OT	Therefore thus says YHWH of Armies, the God of Israel: Behold, I will set my face against you for evil, even to cut off all Yehudah.	YES	harm	Therefore thus says YHWH of Armies, the God of Israel: Behold, I will set my face against you for harm, even to cut off all Yehudah.	Adverse-event or injury context: use a concrete harm/adversity term instead of the abstract label evil.	PASS	PASS	PASS	Therefore thus says YHWH of Armies, the God of Israel: Behold, I will set my face against you for brokenness, even to cut off all Yehudah.	☐	☐	
Jeremiah 44:17	OT	But we will certainly perform every word that is gone forth out of our mouth, to burn incense to the queen of the sky, and to pour out drink offerings to her, as we have done, we and our fathers, our kings and our princes, in the cities of Yehudah, and in the streets of Yerushalayim; for then had we plenty of food, and were well, and saw no evil.	YES	trouble	But we will certainly perform every word that is gone forth out of our mouth, to burn incense to the queen of the sky, and to pour out drink offerings to her, as we have done, we and our fathers, our kings and our princes, in the cities of Yehudah, and in the streets of Yerushalayim; for then had we plenty of food, and were well, and saw no trouble.	Adverse-event or injury context: use a concrete harm/adversity term instead of the abstract label evil.	PASS	PASS	PASS	But we will certainly perform every word that is gone forth out of our mouth, to burn incense to the queen of the sky, and to pour out drink offerings to her, as we have done, we and our fathers, our kings and our princes, in the cities of Yehudah, and in the streets of Yerushalayim; for then had we plenty of food, and were well, and saw no brokenness.	☐	☐	
Jeremiah 51:24	OT	I will render to Bavel and to all the inhabitants of Chaldea all their evil that they have done in Tzion in your sight, says YHWH.	YES	harm	I will render to Bavel and to all the inhabitants of Chaldea all their harm that they have done in Tzion in your sight, says YHWH.	Adverse-event or injury context: use a concrete harm/adversity term instead of the abstract label evil.	PASS	PASS	PASS	I will render to Bavel and to all the inhabitants of Chaldea all their brokenness that they have done in Tzion in your sight, says YHWH.	☐	☐	
Ezekiel 6:10	OT	They shall know that I am YHWH: I have not said in vain that I would do this evil to them.	YES	harm	They shall know that I am YHWH: I have not said in vain that I would do this harm to them.	Adverse-event or injury context: use a concrete harm/adversity term instead of the abstract label evil.	PASS	PASS	PASS	They shall know that I am YHWH: I have not said in vain that I would do this brokenness to them.	☐	☐	
Ezekiel 6:11	OT	Thus says YHWH God: Smite with your hand, and stamp with your foot, and say, Alas! because of all the evil abominations of the house of Israel; for they shall fall by the sword, by the famine, and by the pestilence.	YES	broken acts	Thus says YHWH God: Smite with your hand, and stamp with your foot, and say, Alas! because of all the broken acts of the house of Israel; for they shall fall by the sword, by the famine, and by the pestilence.	Adjectival/predicate context: use broken rather than the ungrammatical noun modifier brokenness.	PASS	PASS	PASS	Thus says YHWH God: Smite with your hand, and stamp with your foot, and say, Alas! because of all the brokenness abominations of the house of Israel; for they shall fall by the sword, by the famine, and by the pestilence.	☐	☐	
Ezekiel 38:10	OT	Thus says YHWH God: It shall happen in that day, that things shall come into your mind, and you shall devise an evil plan:	YES	a harmful plan	Thus says YHWH God: It shall happen in that day, that things shall come into your mind, and you shall devise a harmful plan:	Adverse-event or injury context: use a concrete harm/adversity term instead of the abstract label evil.	PASS	PASS	PASS	Thus says YHWH God: It shall happen in that day, that things shall come into your mind, and you shall devise a brokenness device:	☐	☐	
Amos 5:14	OT	Seek good, and not evil, that you may live; and so YHWH, the God of Armies, will be with you, as you say.	YES	brokenness	Seek good, and not brokenness, that you may live; and so YHWH, the God of Armies, will be with you, as you say.	Conceptual/moral abstract noun: restore brokenness where it is grammatical and preserves the project’s intended contrast.	PASS	PASS	PASS	Seek good, and not brokenness, that you may live; and so YHWH, the God of Armies, will be with you, as you say.	☐	☐	
Amos 5:15	OT	"Hate evil, love good, and establish justice in the courts. It may be that YHWH, the God of Armies, will be gracious to the remnant of Yosef."""	YES	brokenness	"Hate brokenness, love good, and establish justice in the courts. It may be that YHWH, the God of Armies, will be gracious to the remnant of Yosef."""	Conceptual/moral abstract noun: restore brokenness where it is grammatical and preserves the project’s intended contrast.	PASS	PASS	PASS	"Hate brokenness, love good, and establish justice in the courts. It may be that YHWH, the God of Armies, will be gracious to the remnant of Yosef."""	☐	☐	
Micah 3:4	OT	"Then they will cry to YHWH, but YHWH will not answer them. Yes, YHWH will hide YHWH’s face from them at that time, because their deeds were evil."""	YES	broken	"Then they will cry to YHWH, but YHWH will not answer them. Yes, YHWH will hide YHWH’s face from them at that time, because their deeds were broken."""	Adjectival/predicate context: use broken rather than the ungrammatical noun modifier brokenness.	PASS	PASS	PASS	"Then they will cry to YHWH, but YHWH will not answer them. Yes, YHWH will hide YHWH’s face from them at that time, because they made their deeds brokenness."""	☐	☐	
Micah 7:3	OT	Their hands are on that which is evil to do it diligently. The ruler and judge ask for a bribe; and the powerful man dictates the broken desire of his soul. Thus they conspire together.	YES	wrong	Their hands are on that which is wrong to do it diligently. The ruler and judge ask for a bribe; and the powerful man dictates the broken desire of his soul. Thus they conspire together.	Action/predicate context: use grammatical, concrete wrong/wrongdoing wording rather than the abstract label evil.	PASS	PASS	PASS	Their hands are on that which is brokenness to do it diligently. The ruler and judge ask for a bribe; and the powerful man dictates the broken desire of his soul. Thus they conspire together.	☐	☐	
Habakkuk 1:13	OT	You who have purer eyes than to see evil, and who cannot look on perversity, why do you tolerate those who deal treacherously, and keep silent when the wicked swallows up the one who is more righteous than they,	YES	brokenness	You who have purer eyes than to see brokenness, and who cannot look on perversity, why do you tolerate those who deal treacherously, and keep silent when the wicked swallows up the one who is more righteous than they,	Conceptual/moral abstract noun: restore brokenness where it is grammatical and preserves the project’s intended contrast.	PASS	PASS	PASS	You who have purer eyes than to see brokenness, and who cannot look on perversity, why do you tolerate those who deal treacherously, and keep silent when the wicked swallows up the one who is more righteous than they,	☐	☐	
Habakkuk 2:9	OT	Woe to the one who gets dishonest gain for their house, that they may set their nest on high, that they may be delivered from the hand of evil!	YES	harm	Woe to the one who gets dishonest gain for their house, that they may set their nest on high, that they may be delivered from the hand of harm!	Adverse-event or injury context: use a concrete harm/adversity term instead of the abstract label evil.	PASS	PASS	PASS	Woe to the one who gets a brokenness gain for their house, that they may set their nest on high, that they may be delivered from the hand of brokenness!	☐	☐	
Zephaniah 3:15	OT	YHWH has taken away your judgments. YHWH has thrown out your enemy. The King of Israel, YHWH, is in the midst of you. You will not be afraid of evil any more.	YES	harm	YHWH has taken away your judgments. YHWH has thrown out your enemy. The King of Israel, YHWH, is in the midst of you. You will not be afraid of harm any more.	Adverse-event or injury context: use a concrete harm/adversity term instead of the abstract label evil.	PASS	PASS	PASS	YHWH has taken away your judgments. YHWH has thrown out your enemy. The King of Israel, YHWH, is in the midst of you. You will not be afraid of brokenness any more.	☐	☐	
Zechariah 1:4	OT	Don't you be like your fathers, to whom the former prophets proclaimed, saying: Thus says YHWH of Armies, 'Return now from your wrong ways, and from your evil doings;' but they did not hear, nor listen to me, says YHWH.	YES	broken actions	Don't you be like your fathers, to whom the former prophets proclaimed, saying: Thus says YHWH of Armies, 'Return now from your wrong ways, and from your broken actions;' but they did not hear, nor listen to me, says YHWH.	Adjectival/predicate context: use broken rather than the ungrammatical noun modifier brokenness.	PASS	PASS	PASS	Don't you be like your fathers, to whom the former prophets proclaimed, saying: Thus says YHWH of Armies, 'Return now from your broken ways, and from your brokenness doings;' but they did not hear, nor listen to me, says YHWH.	☐	☐	
Malachi 1:8	OT	"When you offer the blind for sacrifice, isn't that evil? And when you offer the lame and sick, isn't that evil? Present it now to your governor! Will he be pleased with you? Or will he accept your person?"" says YHWH of Armies."	YES	wrong | wrong	"When you offer the blind for sacrifice, isn't that wrong? And when you offer the lame and sick, isn't that wrong? Present it now to your governor! Will he be pleased with you? Or will he accept your person?"" says YHWH of Armies."	Action/predicate context: use grammatical, concrete wrong/wrongdoing wording rather than the abstract label evil.	PASS	PASS	PASS	"When you offer the blind for sacrifice, isn't that brokenness? And when you offer the lame and sick, isn't that brokenness? Present it now to your governor! Will he be pleased with you? Or will he accept your person?"" says YHWH of Armies."	☐	☐	
Malachi 2:17	OT	You have wearied YHWH with your words. Yet you say, 'How have we wearied YHWH?' In that you say, 'Everyone who does evil is good in the sight of YHWH, and they delights in them;' or 'Where is the God of justice?'	YES	wrong	You have wearied YHWH with your words. Yet you say, 'How have we wearied YHWH?' In that you say, 'Everyone who does wrong is good in the sight of YHWH, and they delight in them;' or 'Where is the God of justice?'	Action/predicate context: use grammatical, concrete wrong/wrongdoing wording rather than the abstract label evil.	PASS	PASS	PASS	You have wearied YHWH with your words. Yet you say, 'How have we wearied YHWH?' In that you say, 'Everyone who does brokenness is good in the sight of YHWH, and they delights in them;' or 'Where is the God of justice?'	☐	☐	Also correct adjacent agreement: 'they delights' → 'they delight'.
