Reference	Category	Disposition
Exodus 15:2	divine pronoun	CHANGE
Exodus 15:26	divine pronoun	CHANGE
Exodus 3:13	divine pronoun	CHANGE
Numbers 12:9	divine pronoun	CHANGE
Deuteronomy 31:29	divine pronoun	CHANGE
Deuteronomy 4:25	divine pronoun	CHANGE
Deuteronomy 4:7	divine pronoun	CHANGE
Deuteronomy 9:18	divine pronoun	CHANGE
Joshua 23:3	divine pronoun	CHANGE
Joshua 24:18	divine pronoun	CHANGE
Joshua 24:22	divine pronoun	CHANGE
Joshua 24:7	divine pronoun	CHANGE
Joshua 3:10	divine pronoun	CHANGE
Joshua 9:9	divine pronoun	CHANGE
Judges 10:16	divine pronoun	CHANGE
Judges 10:6	divine pronoun	CHANGE
Judges 10:7	divine pronoun	CHANGE
Judges 2:14	divine pronoun	CHANGE
Judges 2:20	divine pronoun	CHANGE
Judges 3:8	divine pronoun	CHANGE
1 Samuel 5:7	divine pronoun	CHANGE
1 Samuel 6:5	divine pronoun	CHANGE
1 Samuel 7:3	divine pronoun	CHANGE
1 Kings 14:22	divine pronoun	CHANGE
1 Kings 16:7	divine pronoun	CHANGE
1 Kings 18:21	divine pronoun	CHANGE
2 Kings 17:17	divine pronoun	CHANGE
2 Kings 17:23	divine pronoun	CHANGE
2 Kings 21:6	divine pronoun	CHANGE
1 Chronicles 29:11	divine reign terminology	CHANGE
2 Chronicles 12:13	divine pronoun	CHANGE
2 Chronicles 14:13	divine pronoun	CHANGE
2 Chronicles 14:7	divine pronoun	CHANGE
2 Chronicles 15:2	divine pronoun	CHANGE
2 Chronicles 15:4	divine pronoun	CHANGE
2 Chronicles 20:20	divine pronoun	CHANGE
2 Chronicles 29:25	divine pronoun	CHANGE
2 Chronicles 33:6	divine pronoun	CHANGE
Ezra 1:2	divine pronoun	CHANGE
Ezra 8:22	divine pronoun	CHANGE
Ezra 8:23	divine pronoun	CHANGE
Ezra 9:8	divine pronoun	CHANGE
Job 21:15	divine pronoun	CHANGE
Job 4:9	divine pronoun	CHANGE
Job 6:9	divine pronoun	CHANGE
Psalms 103:19	divine reign terminology	CHANGE
Psalms 10:16	divine royal title	CHANGE
Psalms 145:1	divine royal title	CHANGE
Psalms 145:11	divine reign terminology	CHANGE
Psalms 145:12	divine reign terminology	CHANGE
Psalms 145:13	divine reign terminology	CHANGE
Psalms 149:2	divine royal title	CHANGE
Psalms 22:28	divine reign terminology	CHANGE
Psalms 24:10	divine royal title	CHANGE
Psalms 24:7	divine royal title	CHANGE
Psalms 24:8	divine royal title	CHANGE
Psalms 24:9	divine royal title	CHANGE
Psalms 29:10	divine royal title	CHANGE
Psalms 44:4	divine royal title	CHANGE
Psalms 45:6	audited — no change	NO CHANGE
Psalms 47:2	divine royal title	CHANGE
Psalms 47:6	divine royal title	CHANGE
Psalms 47:7	divine royal title	CHANGE
Psalms 48:2	divine royal title	CHANGE
Psalms 5:2	divine royal title	CHANGE
Psalms 68:24	divine royal title	CHANGE
Psalms 74:12	divine royal title	CHANGE
Psalms 84:3	divine royal title	CHANGE
Psalms 95:3	divine royal title	CHANGE
Psalms 98:6	divine royal title	CHANGE
Psalms 99:4	divine royal title	CHANGE
Isaiah 12:2	divine pronoun	CHANGE
Isaiah 12:5	divine pronoun	CHANGE
Isaiah 19:20	divine pronoun	CHANGE
Isaiah 19:22	divine pronoun	CHANGE
Isaiah 25:9	divine pronoun	CHANGE
Isaiah 26:21	divine pronoun	CHANGE
Isaiah 33:22	divine royal title	CHANGE
Isaiah 40:13	divine pronoun	CHANGE
Isaiah 40:18	divine pronoun	CHANGE
Isaiah 41:21	divine royal title	CHANGE
Isaiah 42:10	divine pronoun	CHANGE
Isaiah 42:12	divine pronoun	CHANGE
Isaiah 43:15	divine royal title	CHANGE
Isaiah 44:6	divine royal title	CHANGE
Isaiah 6:5	divine royal title	CHANGE
Isaiah 8:17	divine pronoun	CHANGE
Isaiah 9:17	divine pronoun	CHANGE
Jeremiah 10:10	divine royal title	CHANGE
Jeremiah 10:7	divine royal title	CHANGE
Jeremiah 13:16	divine pronoun	CHANGE
Jeremiah 14:10	divine pronoun	CHANGE
Jeremiah 20:13	divine pronoun	CHANGE
Jeremiah 23:19	divine pronoun	CHANGE
Jeremiah 23:20	divine pronoun	CHANGE
Jeremiah 25:31	divine pronoun	CHANGE
Jeremiah 46:18	divine royal title	CHANGE
Jeremiah 48:15	divine royal title	CHANGE
Jeremiah 4:2	divine pronoun	CHANGE
Jeremiah 4:26	divine pronoun	CHANGE
Jeremiah 51:57	divine royal title	CHANGE
Jeremiah 52:3	divine pronoun	CHANGE
Jeremiah 8:19	divine royal title	CHANGE
Jeremiah 9:20	divine pronoun	CHANGE
Lamentations 1:15	divine pronoun	CHANGE
Lamentations 1:18	divine pronoun	CHANGE
Lamentations 2:2	divine pronoun	CHANGE
Lamentations 2:8	divine pronoun	CHANGE
Lamentations 3:25	divine pronoun	CHANGE
Lamentations 4:16	divine pronoun	CHANGE
Ezekiel 36:20	divine pronoun	CHANGE
Ezekiel 37:1	divine pronoun	CHANGE
Ezekiel 3:12	divine pronoun	CHANGE
Ezekiel 3:22	divine pronoun	CHANGE
Ezekiel 40:1	divine pronoun	CHANGE
Daniel 2:44	divine reign terminology	CHANGE
Daniel 3:17	divine pronoun	CHANGE
Daniel 4:3	divine reign terminology	CHANGE
Daniel 4:34	divine reign terminology	CHANGE
Daniel 4:37	divine royal title	CHANGE
Daniel 5:23	divine pronoun	CHANGE
Daniel 6:26	divine reign terminology	CHANGE
Daniel 7:27	source / collective pronoun correction	CHANGE
Daniel 9:10	divine pronoun	CHANGE
Hosea 11:10	divine pronoun	CHANGE
Hosea 11:7	divine pronoun	CHANGE
Hosea 3:5	divine pronoun	CHANGE
Hosea 6:1	divine pronoun	CHANGE
Hosea 7:10	divine pronoun	CHANGE
Amos 7:1	divine pronoun	CHANGE
Obadiah 1:21	divine reign terminology	CHANGE
Micah 1:2	divine pronoun	CHANGE
Micah 1:3	divine pronoun	CHANGE
Micah 4:12	divine pronoun	CHANGE
Nahum 1:7	divine pronoun	CHANGE
Habakkuk 2:20	divine pronoun	CHANGE
Zephaniah 1:18	divine pronoun	CHANGE
Zephaniah 1:6	divine pronoun	CHANGE
Zephaniah 2:3	divine pronoun	CHANGE
Zephaniah 3:15	divine royal title	CHANGE
Zephaniah 3:9	divine pronoun	CHANGE
Zechariah 10:3	divine pronoun	CHANGE
Zechariah 14:16	divine royal title	CHANGE
Zechariah 14:17	divine royal title	CHANGE
Zechariah 14:9	divine royal title	CHANGE
Zechariah 2:13	divine pronoun	CHANGE
Zechariah 7:12	divine pronoun	CHANGE
Zechariah 9:14	divine pronoun	CHANGE
Malachi 1:14	divine royal title	CHANGE
Matthew 5:35	divine royal title	CHANGE
Matthew 5:45	divine pronoun	CHANGE
Matthew 6:8	divine pronoun	CHANGE
Matthew 7:11	divine pronoun	CHANGE
Matthew 9:38	divine pronoun	CHANGE
Luke 2:38	divine pronoun	CHANGE
Luke 3:4	divine pronoun	CHANGE
Luke 6:35	divine pronoun	CHANGE
John 8:29	divine pronoun	CHANGE
John 8:42	divine pronoun	CHANGE
Romans 11:21	divine pronoun	CHANGE
Romans 11:22	divine pronoun	CHANGE
Romans 11:32	divine pronoun	CHANGE
Romans 1:21	divine pronoun	CHANGE
Romans 3:29	divine pronoun	CHANGE
Romans 5:8	divine pronoun	CHANGE
1 Corinthians 3:19	divine pronoun	CHANGE
1 Timothy 1:17	divine royal title	CHANGE
James 4:10	divine pronoun	CHANGE
James 4:8	divine pronoun	CHANGE
1 John 5:9	divine pronoun	CHANGE
Revelation 10:7	divine pronoun	CHANGE
Revelation 15:3	divine royal title	CHANGE
Revelation 16:19	divine pronoun	CHANGE
Revelation 16:9	divine pronoun	CHANGE
Revelation 7:15	divine pronoun	CHANGE
Joel 2:13	divine pronoun	CHANGE
Joel 2:23	divine pronoun	CHANGE
