reference	category	start	end	snippet	full_text
Genesis 3:3	CONFIRMED_SPACED_NESTED_CLOSERS	148	151	…, ‘You shall not eat of it. You shall not touch it, lest you die.’ ”	but not the fruit of the tree which is in the middle of the garden. Elohim has said, ‘You shall not eat of it. You shall not touch it, lest you die.’ ”
Genesis 3:3	CONFIRMED_SPACE_BEFORE_CLOSING_QUOTE	148	151	…, ‘You shall not eat of it. You shall not touch it, lest you die.’ ”	but not the fruit of the tree which is in the middle of the garden. Elohim has said, ‘You shall not eat of it. You shall not touch it, lest you die.’ ”
Genesis 20:13	CONFIRMED_SPACED_NESTED_CLOSERS	174	177	… show to me. Everywhere that we go, say of me, “He is my brother.” ’ ”	When Elohim caused me to wander from my father’s house, I said to her, ‘This is your kindness which you shall show to me. Everywhere that we go, say of me, “He is my brother.” ’ ”
Genesis 20:13	CONFIRMED_SPACE_BEFORE_CLOSING_QUOTE	174	177	… show to me. Everywhere that we go, say of me, “He is my brother.” ’ ”	When Elohim caused me to wander from my father’s house, I said to her, ‘This is your kindness which you shall show to me. Everywhere that we go, say of me, “He is my brother.” ’ ”
Genesis 20:13	REVIEW_3PLUS_QUOTES_WITHIN_10_CHARS	174	179	… show to me. Everywhere that we go, say of me, “He is my brother.” ’ ”	When Elohim caused me to wander from my father’s house, I said to her, ‘This is your kindness which you shall show to me. Everywhere that we go, say of me, “He is my brother.” ’ ”
Genesis 22:16	CONFIRMED_SPACE_AFTER_OPENING_QUOTE	10	13	and said, “ ‘I have sworn by myself,’ says YHWH, ‘because you have done this t…	and said, “ ‘I have sworn by myself,’ says YHWH, ‘because you have done this thing, and have not withheld your son, your only son,
Genesis 22:18	CONFIRMED_SPACED_NESTED_CLOSERS	97	100	…l be blessed by your offspring, because you have obeyed my voice.’ ”	All the nations of the earth will be blessed by your offspring, because you have obeyed my voice.’ ”
Genesis 22:18	CONFIRMED_SPACE_BEFORE_CLOSING_QUOTE	97	100	…l be blessed by your offspring, because you have obeyed my voice.’ ”	All the nations of the earth will be blessed by your offspring, because you have obeyed my voice.’ ”
Genesis 26:9	CONFIRMED_SPACED_NESTED_CLOSERS	171	174	…Yitzhak said to him, “Because I said, ‘Lest I die because of her.’ ”	Abimelech called Yitzhak, and said, “Look, surely she is your wife. Why did you say, ‘She is my sister’?” Yitzhak said to him, “Because I said, ‘Lest I die because of her.’ ”
Genesis 26:9	CONFIRMED_SPACE_BEFORE_CLOSING_QUOTE	171	174	…Yitzhak said to him, “Because I said, ‘Lest I die because of her.’ ”	Abimelech called Yitzhak, and said, “Look, surely she is your wife. Why did you say, ‘She is my sister’?” Yitzhak said to him, “Because I said, ‘Lest I die because of her.’ ”
Genesis 31:13	CONFIRMED_SPACED_NESTED_CLOSERS	155	158	…se, get out from this land, and return to the land of your birth.’ ”	I am the God of Beit El, where you anointed a pillar, where you vowed a vow to me. Now arise, get out from this land, and return to the land of your birth.’ ”
Genesis 31:13	CONFIRMED_SPACE_BEFORE_CLOSING_QUOTE	155	158	…se, get out from this land, and return to the land of your birth.’ ”	I am the God of Beit El, where you anointed a pillar, where you vowed a vow to me. Now arise, get out from this land, and return to the land of your birth.’ ”
Genesis 32:5	CONFIRMED_SPACED_NESTED_CLOSERS	133	136	…I have sent to tell my lord, that I may find favor in your sight.’ ”	I have cattle, donkeys, flocks, male servants, and female servants. I have sent to tell my lord, that I may find favor in your sight.’ ”
Genesis 32:5	CONFIRMED_SPACE_BEFORE_CLOSING_QUOTE	133	136	…I have sent to tell my lord, that I may find favor in your sight.’ ”	I have cattle, donkeys, flocks, male servants, and female servants. I have sent to tell my lord, that I may find favor in your sight.’ ”
Genesis 32:12	CONFIRMED_SPACED_NESTED_CLOSERS	135	138	…and of the sea, which can’t be counted because there are so many.’ ”	You said, ‘I will surely do you good, and make your offspring as the sand of the sea, which can’t be counted because there are so many.’ ”
Genesis 32:12	CONFIRMED_SPACE_BEFORE_CLOSING_QUOTE	135	138	…and of the sea, which can’t be counted because there are so many.’ ”	You said, ‘I will surely do you good, and make your offspring as the sand of the sea, which can’t be counted because there are so many.’ ”
Genesis 32:18	CONFIRMED_SPACED_NESTED_CLOSERS	120	123	…t is a present sent to my lord, Esav. Look, he also is behind us.’ ”	Then you shall say, ‘They are your servant, Yaakov’s. It is a present sent to my lord, Esav. Look, he also is behind us.’ ”
Genesis 32:18	CONFIRMED_SPACE_BEFORE_CLOSING_QUOTE	120	123	…t is a present sent to my lord, Esav. Look, he also is behind us.’ ”	Then you shall say, ‘They are your servant, Yaakov’s. It is a present sent to my lord, Esav. Look, he also is behind us.’ ”
Genesis 32:20	CONFIRMED_SPACED_NESTED_CLOSERS	76	79	…ay, ‘Not only that, but look, your servant, Yaakov, is behind us.’ ” For, he said, “I will appease him with the present that goes bef…	You shall say, ‘Not only that, but look, your servant, Yaakov, is behind us.’ ” For, he said, “I will appease him with the present that goes before me, and afterward I will see his face. Perhaps he will accept me.”
Genesis 32:20	CONFIRMED_SPACE_BEFORE_CLOSING_QUOTE	76	79	…ay, ‘Not only that, but look, your servant, Yaakov, is behind us.’ ” For, he said, “I will appease him with the present that goes bef…	You shall say, ‘Not only that, but look, your servant, Yaakov, is behind us.’ ” For, he said, “I will appease him with the present that goes before me, and afterward I will see his face. Perhaps he will accept me.”
Genesis 37:17	CONFIRMED_SPACED_NESTED_CLOSERS	81	84	… “They have left here, for I heard them say, ‘Let’s go to Dothan.’ ” Yosef went after his brothers, and found them in Dothan.	The person said, “They have left here, for I heard them say, ‘Let’s go to Dothan.’ ” Yosef went after his brothers, and found them in Dothan.
Genesis 37:17	CONFIRMED_SPACE_BEFORE_CLOSING_QUOTE	81	84	… “They have left here, for I heard them say, ‘Let’s go to Dothan.’ ” Yosef went after his brothers, and found them in Dothan.	The person said, “They have left here, for I heard them say, ‘Let’s go to Dothan.’ ” Yosef went after his brothers, and found them in Dothan.
Genesis 38:22	CONFIRMED_SPACED_NESTED_CLOSERS	127	130	…so the men of the place said, ‘There has been no prostitute here.’ ”	He returned to Yehudah, and said, “I haven’t found her; and also the men of the place said, ‘There has been no prostitute here.’ ”
Genesis 38:22	CONFIRMED_SPACE_BEFORE_CLOSING_QUOTE	127	130	…so the men of the place said, ‘There has been no prostitute here.’ ”	He returned to Yehudah, and said, “I haven’t found her; and also the men of the place said, ‘There has been no prostitute here.’ ”
Genesis 42:34	CONFIRMED_SPACED_NESTED_CLOSERS	176	179	…ill deliver your brother to you, and you shall trade in the land.’ ”	Bring your youngest brother to me. Then I will know that you are not spies, but that you are honest men. So I will deliver your brother to you, and you shall trade in the land.’ ”
Genesis 42:34	CONFIRMED_SPACE_BEFORE_CLOSING_QUOTE	176	179	…ill deliver your brother to you, and you shall trade in the land.’ ”	Bring your youngest brother to me. Then I will know that you are not spies, but that you are honest men. So I will deliver your brother to you, and you shall trade in the land.’ ”
Genesis 43:5	CONFIRMED_SPACED_NESTED_CLOSERS	132	135	… us, ‘You shall not see my face, unless your brother is with you.’ ”	but if you don’t send him, we won’t go down, for the person said to us, ‘You shall not see my face, unless your brother is with you.’ ”
Genesis 43:5	CONFIRMED_SPACE_BEFORE_CLOSING_QUOTE	132	135	… us, ‘You shall not see my face, unless your brother is with you.’ ”	but if you don’t send him, we won’t go down, for the person said to us, ‘You shall not see my face, unless your brother is with you.’ ”
Genesis 44:5	CONFIRMED_SPACED_NESTED_CLOSERS	107	110	… and by which he indeed divines? You have done wrong in so doing.’ ”	Isn’t this that from which my lord drinks, and by which he indeed divines? You have done wrong in so doing.’ ”
Genesis 44:5	CONFIRMED_SPACE_BEFORE_CLOSING_QUOTE	107	110	… and by which he indeed divines? You have done wrong in so doing.’ ”	Isn’t this that from which my lord drinks, and by which he indeed divines? You have done wrong in so doing.’ ”
Genesis 45:11	CONFIRMED_SPACED_NESTED_CLOSERS	143	146	… come to poverty, you, and your household, and all that you have.” ’	There I will provide for you; for there are yet five years of famine; lest you come to poverty, you, and your household, and all that you have.” ’
Genesis 45:11	CONFIRMED_SPACE_BEFORE_CLOSING_QUOTE	143	146	… come to poverty, you, and your household, and all that you have.” ’	There I will provide for you; for there are yet five years of famine; lest you come to poverty, you, and your household, and all that you have.” ’
Genesis 48:20	CONFIRMED_SPACED_NESTED_CLOSERS	118	121	… in your name, saying, ‘Elohim make you as Efrayim and as Menashe’ ” He set Efrayim before Menashe.	He blessed them that day, saying, “Yisrael will bless in your name, saying, ‘Elohim make you as Efrayim and as Menashe’ ” He set Efrayim before Menashe.
Genesis 48:20	CONFIRMED_SPACE_BEFORE_CLOSING_QUOTE	118	121	… in your name, saying, ‘Elohim make you as Efrayim and as Menashe’ ” He set Efrayim before Menashe.	He blessed them that day, saying, “Yisrael will bless in your name, saying, ‘Elohim make you as Efrayim and as Menashe’ ” He set Efrayim before Menashe.
Genesis 50:5	CONFIRMED_SPACED_NESTED_CLOSERS	203	206	…e, please let me go up and bury my father, and I will come again.’ ”	‘My father made me swear, saying, “Look, I am dying. Bury me in my grave which I have dug for myself in the land of Kena'an.” Now therefore, please let me go up and bury my father, and I will come again.’ ”
Genesis 50:5	CONFIRMED_SPACE_BEFORE_CLOSING_QUOTE	203	206	…e, please let me go up and bury my father, and I will come again.’ ”	‘My father made me swear, saying, “Look, I am dying. Bury me in my grave which I have dug for myself in the land of Kena'an.” Now therefore, please let me go up and bury my father, and I will come again.’ ”
Genesis 50:17	CONFIRMED_SPACED_NESTED_CLOSERS	123	126	…e of your brothers, and their sin, because they did wrong to you.” ’ Now, please forgive the disobedience of the servants of the God …	‘You shall tell Yosef, “Now please forgive the disobedience of your brothers, and their sin, because they did wrong to you.” ’ Now, please forgive the disobedience of the servants of the God of your father.” Yosef wept when they spoke to him.
Genesis 50:17	CONFIRMED_SPACE_BEFORE_CLOSING_QUOTE	123	126	…e of your brothers, and their sin, because they did wrong to you.” ’ Now, please forgive the disobedience of the servants of the God …	‘You shall tell Yosef, “Now please forgive the disobedience of your brothers, and their sin, because they did wrong to you.” ’ Now, please forgive the disobedience of the servants of the God of your father.” Yosef wept when they spoke to him.
Exodus 7:18	REVIEW_3PLUS_QUOTES_WITHIN_10_CHARS	136	139	"…ul; and the Egyptians shall loathe to drink water from the river.""'"""	"The fish that are in the river shall die, and the river shall become foul; and the Egyptians shall loathe to drink water from the river.""'"""
Exodus 8:23	REVIEW_3PLUS_QUOTES_WITHIN_10_CHARS	88	91	"…etween my people and your people: by tomorrow shall this sign be.""'"""	"I will put a division between my people and your people: by tomorrow shall this sign be.""'"""
Exodus 9:4	REVIEW_3PLUS_QUOTES_WITHIN_10_CHARS	167	170	"… shall nothing die of all that belongs to the children of Israel.""'"""	"YHWH will make a distinction between the livestock of Israel and the livestock of Mitzrayim; and there shall nothing die of all that belongs to the children of Israel.""'"""
Exodus 9:19	REVIEW_3PLUS_QUOTES_WITHIN_10_CHARS	234	237	"…ought home, the hail shall come down on them, and they shall die.""'"""	"Now therefore command that all of your livestock and all that you have in the field be brought into shelter. Everyone and animal that is found in the field, and isn't brought home, the hail shall come down on them, and they shall die.""'"""
Leviticus 18:24	REVIEW_3PLUS_QUOTES_WITHIN_10_CHARS	0	6	"""'Don't defile yourselves in any of these things: for in all these the …"	"""'Don't defile yourselves in any of these things: for in all these the nations which I am casting out before you were defiled."
Leviticus 19:4	REVIEW_3PLUS_QUOTES_WITHIN_10_CHARS	0	6	"""'Don't turn to idols, nor make molten gods for yourselves. I am YHWH y…"	"""'Don't turn to idols, nor make molten gods for yourselves. I am YHWH your God."
Leviticus 19:29	REVIEW_3PLUS_QUOTES_WITHIN_10_CHARS	0	6	"""'Don't profane your daughter, to make her a prostitute; lest the land …"	"""'Don't profane your daughter, to make her a prostitute; lest the land fall to prostitution, and the land become full of wickedness."
Leviticus 19:31	REVIEW_3PLUS_QUOTES_WITHIN_10_CHARS	0	6	"""'Don't turn to those who are mediums, nor to the wizards. Don't seek t…"	"""'Don't turn to those who are mediums, nor to the wizards. Don't seek them out, to be defiled by them. I am YHWH your God."
2 Kings 2:18	REVIEW_3PLUS_QUOTES_WITHIN_10_CHARS	92	104	"…e he stayed at Yericho; and he said to them, ""Didn't I tell you, 'Don't go?'"""	"They came back to him, while he stayed at Yericho; and he said to them, ""Didn't I tell you, 'Don't go?'"""
Isaiah 29:22	REVIEW_3PLUS_QUOTES_WITHIN_10_CHARS	74	85	"… thus says YHWH, who redeemed Avraham, concerning the house of Ya'akov: ""Ya'akov shall no longer be ashamed, neither shall his face grow pale…"	"Therefore thus says YHWH, who redeemed Avraham, concerning the house of Ya'akov: ""Ya'akov shall no longer be ashamed, neither shall his face grow pale."
Isaiah 36:10	REVIEW_3PLUS_QUOTES_WITHIN_10_CHARS	123	126	"…oy it? YHWH said to me, ""Go up against this land, and destroy it.""'"""	"Have I come up now without YHWH against this land to destroy it? YHWH said to me, ""Go up against this land, and destroy it.""'"""
Isaiah 37:7	REVIEW_3PLUS_QUOTES_WITHIN_10_CHARS	145	148	"… own land. I will cause him to fall by the sword in his own land.""'"""	"Behold, I will put a spirit in him and he will hear news, and will return to his own land. I will cause him to fall by the sword in his own land.""'"""
Isaiah 37:35	REVIEW_3PLUS_QUOTES_WITHIN_10_CHARS	82	92	"…d this city to save it, for my own sake, and for my servant Dawid's sake.'"""	"'For I will defend this city to save it, for my own sake, and for my servant Dawid's sake.'"""
Isaiah 38:8	REVIEW_3PLUS_QUOTES_WITHIN_10_CHARS	207	210	"… sun returned ten steps on the sundial on which it had gone down.""'"""	"Behold, I will cause the shadow on the sundial, which has gone down on the sundial of Achaz with the sun, to return backward ten steps. So the sun returned ten steps on the sundial on which it had gone down.""'"""
Ezekiel 29:16	REVIEW_3PLUS_QUOTES_WITHIN_10_CHARS	162	165	"… turn to look after them: and they shall know that I am YHWH God.""'"""	"It shall be no more the confidence of the house of Israel, bringing iniquity to memory, when they turn to look after them: and they shall know that I am YHWH God.""'"""
Hosea 2:23	REVIEW_3PLUS_QUOTES_WITHIN_10_CHARS	178	188	"… who were not my people, 'You are my people;' and they will say, 'my God!'"""	"I will sow her to me in the earth; and I will have mercy on her who had not obtained mercy; and I will tell those who were not my people, 'You are my people;' and they will say, 'my God!'"""
Zechariah 1:17	REVIEW_3PLUS_QUOTES_WITHIN_10_CHARS	172	175	"…HWH will again comfort Tzion, and will again choose Yerushalayim.""'"""	"""Proclaim further, saying, 'Thus says YHWH of Armies: ""My cities will again overflow with prosperity, and YHWH will again comfort Tzion, and will again choose Yerushalayim.""'"""
Zechariah 6:15	REVIEW_3PLUS_QUOTES_WITHIN_10_CHARS	198	201	"…l happen, if you will diligently obey the voice of YHWH your God.""'"""	"Those who are far off shall come and build in the temple of YHWH; and you shall know that YHWH of Armies has sent me to you. This will happen, if you will diligently obey the voice of YHWH your God.""'"""
Malachi 1:2	REVIEW_3PLUS_QUOTES_WITHIN_10_CHARS	67	75	"… have loved you,"" says YHWH. Yet you say, ""How have you loved us?"" ""Wasn't Esav Ya'akov's brother?"" says YHWH, ""Yet I loved Ya'akov;"	"""I have loved you,"" says YHWH. Yet you say, ""How have you loved us?"" ""Wasn't Esav Ya'akov's brother?"" says YHWH, ""Yet I loved Ya'akov;"
Matthew 5:37	REVIEW_3PLUS_QUOTES_WITHIN_10_CHARS	13	27	But let your 'Yes' be 'Yes' and your 'No' be 'No.' Whatever is more than these is of the unr…	But let your 'Yes' be 'Yes' and your 'No' be 'No.' Whatever is more than these is of the unripe one.
Matthew 5:37	REVIEW_3PLUS_QUOTES_WITHIN_10_CHARS	37	50	But let your 'Yes' be 'Yes' and your 'No' be 'No.' Whatever is more than these is of the unripe one.	But let your 'Yes' be 'Yes' and your 'No' be 'No.' Whatever is more than these is of the unripe one.
Matthew 13:30	REVIEW_3PLUS_QUOTES_WITHIN_10_CHARS	200	203	"… them in bundles to burn them; but gather the wheat into my barn.""'"""	"Let both grow together until the harvest, and in the harvest time I will tell the reapers, ""First, gather up the darnel weeds, and bind them in bundles to burn them; but gather the wheat into my barn.""'"""
Matthew 22:21	REVIEW_3PLUS_QUOTES_WITHIN_10_CHARS	18	29	"They said to him, ""Caesar's."" Then he said to them, ""Give therefore to Caesar the things that …"	"They said to him, ""Caesar's."" Then he said to them, ""Give therefore to Caesar the things that are Caesar's, and to Elohim the things that are Elohim's."""
Matthew 26:18	REVIEW_3PLUS_QUOTES_WITHIN_10_CHARS	159	162	"…t hand. I will keep the Passover at your house with my disciples.""'"""	"He said, ""Go into the city to a certain person, and tell him, 'The Teacher says, ""My time is at hand. I will keep the Passover at your house with my disciples.""'"""
Mark 12:16	REVIEW_3PLUS_QUOTES_WITHIN_10_CHARS	91	102	"…o them, ""Whose is this image and inscription?"" They said to him, ""Caesar's."""	"They brought it. He said to them, ""Whose is this image and inscription?"" They said to him, ""Caesar's."""
Luke 18:20	REVIEW_3PLUS_QUOTES_WITHIN_10_CHARS	50	57	You know the commandments: 'Don't commit adultery,' 'Don't murder,' 'Don't steal,' 'Don't give false testimony,' 'Honor yo…	"You know the commandments: 'Don't commit adultery,' 'Don't murder,' 'Don't steal,' 'Don't give false testimony,' 'Honor your father and your mother.'"""
Luke 18:20	REVIEW_3PLUS_QUOTES_WITHIN_10_CHARS	66	73	…ou know the commandments: 'Don't commit adultery,' 'Don't murder,' 'Don't steal,' 'Don't give false testimony,' 'Honor your father and yo…	"You know the commandments: 'Don't commit adultery,' 'Don't murder,' 'Don't steal,' 'Don't give false testimony,' 'Honor your father and your mother.'"""
Luke 18:20	REVIEW_3PLUS_QUOTES_WITHIN_10_CHARS	81	88	"…mandments: 'Don't commit adultery,' 'Don't murder,' 'Don't steal,' 'Don't give false testimony,' 'Honor your father and your mother.'"""	"You know the commandments: 'Don't commit adultery,' 'Don't murder,' 'Don't steal,' 'Don't give false testimony,' 'Honor your father and your mother.'"""
Luke 20:24	REVIEW_3PLUS_QUOTES_WITHIN_10_CHARS	75	86	"…denarius. Whose image and inscription are on it?"" They answered, ""Caesar's."""	"Show me a denarius. Whose image and inscription are on it?"" They answered, ""Caesar's."""
John 7:36	REVIEW_3PLUS_QUOTES_WITHIN_10_CHARS	93	103	"…id, 'You will seek me, and won't find me; and where I am, you can't come'?"""	"What is this word that he said, 'You will seek me, and won't find me; and where I am, you can't come'?"""
John 8:22	REVIEW_3PLUS_QUOTES_WITHIN_10_CHARS	91	101	"…, ""Will he kill himself, that he says, 'Where I am going, you can't come?'"""	"The Judeans therefore said, ""Will he kill himself, that he says, 'Where I am going, you can't come?'"""
James 5:12	REVIEW_3PLUS_QUOTES_WITHIN_10_CHARS	133	148	"…by heaven, nor by the earth, nor by any other oath; but let your ""yes"" be ""yes,"" and your ""no,"" ""no;"" so that you don't fall into hypocrisy."	"But above all things, my brothers and sisters, don't swear, neither by heaven, nor by the earth, nor by any other oath; but let your ""yes"" be ""yes,"" and your ""no,"" ""no;"" so that you don't fall into hypocrisy."
James 5:12	REVIEW_3PLUS_QUOTES_WITHIN_10_CHARS	158	169	"…th, nor by any other oath; but let your ""yes"" be ""yes,"" and your ""no,"" ""no;"" so that you don't fall into hypocrisy."	"But above all things, my brothers and sisters, don't swear, neither by heaven, nor by the earth, nor by any other oath; but let your ""yes"" be ""yes,"" and your ""no,"" ""no;"" so that you don't fall into hypocrisy."
Revelation 14:13	REVIEW_3PLUS_QUOTES_WITHIN_10_CHARS	102	111	"… ""Write, 'Blessed are the dead who die in the Master from now on.'"" ""Yes,"" says the Ruach, ""that they may rest from their labors; for their…"	"I heard the voice from heaven saying, ""Write, 'Blessed are the dead who die in the Master from now on.'"" ""Yes,"" says the Ruach, ""that they may rest from their labors; for their works follow with them."""
